month,size_bucket,transfer_count,bucket_volume
2020-10-01,<0.01,11,0.022264157420614716000000
2020-10-01,0.01-0.1,34,1.95214115088367685400
2020-10-01,0.1-1,78,37.01124121870527540900
2020-10-01,1-10,169,807.14990013169340776200
2020-10-01,10-100,418,18201.3348604643667924
2020-10-01,100-1000,1636,1012756.2859569465141907
2020-10-01,1000-10000,1012,3585432.0014954083081588
2020-10-01,10000-100000,397,13748268.2047321389200000
2020-10-01,100000-1000000,110,23576487.987592633216
2020-10-01,1000000-10000000,10,23206975.232111108479
2020-11-01,<0.01,272,0.125337782758323008000000000000000000
2020-11-01,0.01-0.1,75,4.17659709498592348800
2020-11-01,0.1-1,166,108.73647198012144063900
2020-11-01,1-10,535,2581.71004323121445545300
2020-11-01,10-100,1487,65669.0143674432768637
2020-11-01,100-1000,5770,3445852.0068722675316994
2020-11-01,1000-10000,2968,11516638.0001189834274399
2020-11-01,10000-100000,1634,52213998.8977523587786984
2020-11-01,100000-1000000,363,88426396.671958218444
2020-11-01,1000000-10000000,19,26566508.077216501082
2020-12-01,<0.01,210,0.297580090413815347000000000000000000
2020-12-01,0.01-0.1,157,7.57773775871043326300
2020-12-01,0.1-1,456,273.78306109348659552000
2020-12-01,1-10,2104,9921.13718964476489685900
2020-12-01,10-100,4646,183717.6527652459088794
2020-12-01,100-1000,7525,3859563.7445030024959481
2020-12-01,1000-10000,4489,15890111.2508593554709468
2020-12-01,10000-100000,3312,93734524.8716885936415974
2020-12-01,100000-1000000,856,203993322.883290588322
2020-12-01,1000000-10000000,67,108592136.529154377091
2021-01-01,<0.01,182,0.445750495685219000000000000000000000
2021-01-01,0.01-0.1,445,23.16350710253186035700
2021-01-01,0.1-1,1930,850.64599935352165634900
2021-01-01,1-10,5779,28917.98878010493395460000
2021-01-01,10-100,11167,444370.5889674763437379
2021-01-01,100-1000,12598,4628131.0198277419974980
2021-01-01,1000-10000,11704,30525998.0660232740463917
2021-01-01,10000-100000,2917,90153076.6612044673353516
2021-01-01,100000-1000000,842,195274388.394566892469
2021-01-01,1000000-10000000,37,71109049.497560382253
2021-02-01,<0.01,567,0.981033409303905454000000000000000000
2021-02-01,0.01-0.1,334,15.95124536013405757400
2021-02-01,0.1-1,2909,1617.66979380821278741900
2021-02-01,1-10,11219,55079.59413959363069802200
2021-02-01,10-100,46641,2215420.9998935482547179
2021-02-01,100-1000,74426,27834288.8121166162441693
2021-02-01,1000-10000,70616,235310981.6148862965643984
2021-02-01,10000-100000,27257,866053500.3505799609419806
2021-02-01,100000-1000000,16342,8090188414.334352974474
2021-02-01,1000000-10000000,29889,73383041678.537511668068
2021-02-01,>=10000000,31,393978219.067245278210
2021-03-01,<0.01,2307,3.466338315334027091000000000000000000
2021-03-01,0.01-0.1,2248,90.67249910776674636600
2021-03-01,0.1-1,4997,2590.48864047336968970300
2021-03-01,1-10,24410,123094.05946945811514997900
2021-03-01,10-100,78499,3352359.8120641374874133
2021-03-01,100-1000,115749,44795548.4195453205718306
2021-03-01,1000-10000,102111,358395300.7922356413311344
2021-03-01,10000-100000,49361,1508009003.8318375098312818
2021-03-01,100000-1000000,28503,14241335056.813249359075
2021-03-01,1000000-10000000,45528,140249681929.683403393837
2021-03-01,>=10000000,2697,38998691037.691001939099
2021-04-01,<0.01,4579,8.057698647834187936000000000000000000
2021-04-01,0.01-0.1,4214,254.98132098821855988500
2021-04-01,0.1-1,9631,5608.93269301620515933700
2021-04-01,1-10,35164,166198.09311521348610241300
2021-04-01,10-100,113428,5141013.8244712720568771
2021-04-01,100-1000,217668,77166925.0448547410085545
2021-04-01,1000-10000,191798,819982299.3310845620088030
2021-04-01,10000-100000,203136,8666678442.2304752119070614
2021-04-01,100000-1000000,52643,21292636348.877998286030
2021-04-01,1000000-10000000,34819,116362462954.080491998415
2021-04-01,>=10000000,10500,193754886640.309573557059
2021-05-01,<0.01,6679,13.575562701543727014000000000000000000
2021-05-01,0.01-0.1,5308,220.14504280256521220900
2021-05-01,0.1-1,28910,12518.88301420902934252300
2021-05-01,1-10,63584,276923.28222110729150889900
2021-05-01,10-100,145613,6519614.3464632246283871
2021-05-01,100-1000,237596,92255578.2797658331001749
2021-05-01,1000-10000,182934,621282863.1515270710188412
2021-05-01,10000-100000,172906,6604110835.8761532631581760
2021-05-01,100000-1000000,20506,5384994806.818386408425
2021-05-01,1000000-10000000,1858,3911040876.731331631240
2021-05-01,>=10000000,165,8358672687.821854563342
2021-06-01,<0.01,8598,16.607037031584259915000000000000000000
2021-06-01,0.01-0.1,6585,294.73764616263802395600
2021-06-01,0.1-1,43336,20499.99434028463425593500
2021-06-01,1-10,97607,446314.67314784148732931900
2021-06-01,10-100,223134,10203135.6722927077258362
2021-06-01,100-1000,318420,126269433.7958409855061307
2021-06-01,1000-10000,224206,734033350.3676862752075168
2021-06-01,10000-100000,188738,4555945885.6592252261675178
2021-06-01,100000-1000000,10509,2878869348.862429339272
2021-06-01,1000000-10000000,706,1587560172.679474728138
2021-06-01,>=10000000,51,2232164411.251585836409
2021-07-01,<0.01,13567,29.094985951559403952000000000000000000
2021-07-01,0.01-0.1,20240,982.72354472448812069800
2021-07-01,0.1-1,46185,20890.67185731111705386300
2021-07-01,1-10,178514,629226.37079796832047826800
2021-07-01,10-100,206116,9174191.4230803517398948
2021-07-01,100-1000,275933,103875637.1954873651841645
2021-07-01,1000-10000,157105,502939112.3434021056306906
2021-07-01,10000-100000,148884,3189607444.9788957938596024
2021-07-01,100000-1000000,6946,1838511741.780941837062
2021-07-01,1000000-10000000,565,1403089536.984589600329
2021-07-01,>=10000000,34,986341948.399265566611
2021-08-01,<0.01,28796,90.452964388981527513000000000000000000
2021-08-01,0.01-0.1,41465,1736.73697060877361512500
2021-08-01,0.1-1,47946,20460.66982128778993780400
2021-08-01,1-10,96392,446496.09820690314562847200
2021-08-01,10-100,223105,10175601.8245672310565670
2021-08-01,100-1000,327557,126437741.2371818620110583
2021-08-01,1000-10000,205120,650681711.9692674214311238
2021-08-01,10000-100000,146415,3309414333.7544371694316573
2021-08-01,100000-1000000,8239,2178515341.958941516065
2021-08-01,1000000-10000000,866,1856902865.469084852377
2021-08-01,>=10000000,42,1276019075.997781099777
2021-09-01,<0.01,31197,77.284829629028447916000000000000000000
2021-09-01,0.01-0.1,30408,1252.78844565859095513600
2021-09-01,0.1-1,61950,27642.43154258286809206000
2021-09-01,1-10,139794,581520.11375008933292262000
2021-09-01,10-100,286544,13183979.3699695063577582
2021-09-01,100-1000,495913,182242060.3172838787819711
2021-09-01,1000-10000,304921,933991978.1126877209152297
2021-09-01,10000-100000,82865,2334589665.1337012284010165
2021-09-01,100000-1000000,10489,2849192713.497270847354
2021-09-01,1000000-10000000,1150,2466961957.565193122540
2021-09-01,>=10000000,36,600277808.829718899320
2021-10-01,<0.01,34815,76.150781132734660819000000000000000000
2021-10-01,0.01-0.1,32414,1407.90683887871964543800
2021-10-01,0.1-1,50593,23845.01780366017740090500
2021-10-01,1-10,143657,655605.66606701651366821900
2021-10-01,10-100,350972,15640748.9097604467572249
2021-10-01,100-1000,471041,183629593.9168199787394585
2021-10-01,1000-10000,313035,1010979146.7661490018671269
2021-10-01,10000-100000,80500,2257418510.2292208626972165
2021-10-01,100000-1000000,10720,2919688974.189265155618
2021-10-01,1000000-10000000,978,2086053633.722279585879
2021-10-01,>=10000000,22,352353927.289166982491
2021-11-01,<0.01,35772,69.811175079981690481000000000000000000
2021-11-01,0.01-0.1,34704,1737.41879665497181875500
2021-11-01,0.1-1,69491,31792.70262538423149756900
2021-11-01,1-10,172949,810156.36793698636948992200
2021-11-01,10-100,373970,16912953.0350281483927379
2021-11-01,100-1000,594784,229565366.9256431894590803
2021-11-01,1000-10000,377471,1168600812.4220605724830202
2021-11-01,10000-100000,85292,2256144330.6395782473326088
2021-11-01,100000-1000000,10467,2719972959.119880486604
2021-11-01,1000000-10000000,1120,2455040390.373141188043
2021-11-01,>=10000000,32,723850954.716811966234
2021-12-01,<0.01,17324,34.373804356643487199000000000000000000
2021-12-01,0.01-0.1,25189,1207.29232179763457253600
2021-12-01,0.1-1,61500,30269.37830248089999637200
2021-12-01,1-10,144061,673828.14804580226444034200
2021-12-01,10-100,342890,15578987.5184129154357435
2021-12-01,100-1000,546084,204930777.2268920284133948
2021-12-01,1000-10000,338296,1051774281.8546277330997957
2021-12-01,10000-100000,74214,1977965124.4175753316056300
2021-12-01,100000-1000000,9818,2426262892.160245381857
2021-12-01,1000000-10000000,1330,3588342433.129545114324
2021-12-01,>=10000000,22,462221006.360545264895
2022-01-01,<0.01,14872,33.313309537864142572000000000000000000
2022-01-01,0.01-0.1,26037,1178.53659014913828556200
2022-01-01,0.1-1,58504,28472.85528215638655840900
2022-01-01,1-10,157088,740476.54306239185063889400
2022-01-01,10-100,378545,16130737.7104620184365789
2022-01-01,100-1000,439306,164423074.6931564344282515
2022-01-01,1000-10000,295951,971663399.4498688511667783
2022-01-01,10000-100000,77425,2218507745.3736577130010202
2022-01-01,100000-1000000,14723,3773925975.493450738400
2022-01-01,1000000-10000000,1288,3018052172.053498054173
2022-01-01,>=10000000,24,491520297.920316474000
2022-02-01,<0.01,13586,23.502120333655066305000000000000000000
2022-02-01,0.01-0.1,15233,659.36019106986057414500
2022-02-01,0.1-1,35291,16469.81631941351285943200
2022-02-01,1-10,84797,396373.77006876381568055600
2022-02-01,10-100,216702,9505645.3364730350231879
2022-02-01,100-1000,322695,122790972.2416374947393063
2022-02-01,1000-10000,221808,709077138.9211318615787325
2022-02-01,10000-100000,51544,1496042513.6610036787288993
2022-02-01,100000-1000000,10032,2642353838.050527928681
2022-02-01,1000000-10000000,1732,5435016703.167650485704
2022-02-01,>=10000000,9,421226565.066691621509
2022-03-01,<0.01,9795,21.702028061066561747000000000000000000
2022-03-01,0.01-0.1,17008,773.93391444930431909600
2022-03-01,0.1-1,96081,46716.54002088257299792500
2022-03-01,1-10,140162,706613.27369882136617522100
2022-03-01,10-100,264437,11492421.8077444299783255
2022-03-01,100-1000,409145,163168181.0995540931495894
2022-03-01,1000-10000,243792,735780341.6164738131106597
2022-03-01,10000-100000,55801,1634216359.2165114071390993
2022-03-01,100000-1000000,12836,3621916721.066025217356
2022-03-01,1000000-10000000,2662,8490126665.913410546362
2022-03-01,>=10000000,68,2144525049.466205020181
2022-04-01,<0.01,10340,20.494940088979930732000000000000000000
2022-04-01,0.01-0.1,13926,613.26276235232420390000
2022-04-01,0.1-1,108259,50964.79849081311161644600
2022-04-01,1-10,167699,819795.91125463149739546100
2022-04-01,10-100,289756,12454914.6708072395643165
2022-04-01,100-1000,475936,183750592.2577748491421547
2022-04-01,1000-10000,307856,925212375.9633739516287532
2022-04-01,10000-100000,59913,1683430566.0208776472140078
2022-04-01,100000-1000000,12876,3643914768.585030508677
2022-04-01,1000000-10000000,1834,4758475777.807588087613
2022-04-01,>=10000000,84,2295591959.187673532142
2022-05-01,<0.01,16820,39.397090783964297350000000000000000000
2022-05-01,0.01-0.1,26012,1234.35376742674783560100
2022-05-01,0.1-1,75215,33886.99456417176790560400
2022-05-01,1-10,215570,1011858.71082378321556868300
2022-05-01,10-100,597024,27270646.7732255576719753
2022-05-01,100-1000,1312210,521753714.4537137109793081
2022-05-01,1000-10000,739885,2224959807.3930110866695175
2022-05-01,10000-100000,130367,3471414018.2030889822554965
2022-05-01,100000-1000000,22554,6140646183.830669239528
2022-05-01,1000000-10000000,2083,4694832695.319273643526
2022-05-01,>=10000000,157,4068068975.214090380570
2022-06-01,<0.01,12000,30.409473273553072528000000000000000000
2022-06-01,0.01-0.1,19374,843.70826421260025690700
2022-06-01,0.1-1,53889,23718.80649600624080013900
2022-06-01,1-10,322875,1723911.75507637460575462800
2022-06-01,10-100,1053947,42058010.1120624988946020
2022-06-01,100-1000,920593,347568046.1222596297418668
2022-06-01,1000-10000,506526,1564921035.5820105713340468
2022-06-01,10000-100000,70193,2084581089.6086875261439205
2022-06-01,100000-1000000,15886,4411069236.011595049366
2022-06-01,1000000-10000000,1742,3851325041.889027880295
2022-06-01,>=10000000,129,2765283218.170382062236
2022-07-01,<0.01,12345,24.485851181631066844000000000000000000
2022-07-01,0.01-0.1,13802,605.59341213605353882600
2022-07-01,0.1-1,56692,26974.07333980655887579000
2022-07-01,1-10,325750,1458170.22296693903394935300
2022-07-01,10-100,465188,18224732.9134582667743778
2022-07-01,100-1000,458441,181669350.7545905821087241
2022-07-01,1000-10000,312989,1017133403.1857475382296797
2022-07-01,10000-100000,43917,1321371594.7006805055800222
2022-07-01,100000-1000000,8535,2471425604.785862445812
2022-07-01,1000000-10000000,3418,5915849397.147882823418
2022-07-01,>=10000000,131,3966745320.804127279039
2022-08-01,<0.01,45133,53.124278019450455767000000000000000000
2022-08-01,0.01-0.1,25829,1141.19374034121490457600
2022-08-01,0.1-1,58002,27299.07998901115623032500
2022-08-01,1-10,169609,762969.24407507911152208600
2022-08-01,10-100,276445,11384083.1807761620669356
2022-08-01,100-1000,386212,145312071.1690768264173737
2022-08-01,1000-10000,174292,499790474.7496052360006859
2022-08-01,10000-100000,36099,1034416282.2873916567242699
2022-08-01,100000-1000000,6348,1767189402.759054468841
2022-08-01,1000000-10000000,1493,2871497871.186571113893
2022-08-01,>=10000000,71,2991356165.835365355164
2022-09-01,<0.01,21495,28.036765933304148312000000000000000000
2022-09-01,0.01-0.1,16289,717.06864536008437285200
2022-09-01,0.1-1,40845,18568.47032696489539890200
2022-09-01,1-10,130160,582060.38573253154716938800
2022-09-01,10-100,232941,9441996.7650214972521695
2022-09-01,100-1000,314969,120439492.1303166147460222
2022-09-01,1000-10000,147240,425608782.3398710809367240
2022-09-01,10000-100000,30566,894060172.6435903091686887
2022-09-01,100000-1000000,8043,2620268393.329284816217
2022-09-01,1000000-10000000,1475,2749838658.902589914104
2022-09-01,>=10000000,71,1744046263.369034445164
2022-10-01,<0.01,17348,30.110158202318111661000000000000000000
2022-10-01,0.01-0.1,15991,723.46367593193328516300
2022-10-01,0.1-1,40840,18983.21399381966104364200
2022-10-01,1-10,133709,605365.95457060748381177300
2022-10-01,10-100,237898,9504277.1512922917582501
2022-10-01,100-1000,264973,91260122.8213930207075516
2022-10-01,1000-10000,113228,331249373.0259297970036877
2022-10-01,10000-100000,21967,623537819.3299960057220595
2022-10-01,100000-1000000,5530,1542006839.516533782276
2022-10-01,1000000-10000000,569,1029472173.188137984992
2022-10-01,>=10000000,23,519695448.363137377179
2022-11-01,<0.01,16800,31.720421825702278493000000000000000000
2022-11-01,0.01-0.1,22465,940.09190055571748356700
2022-11-01,0.1-1,48560,22048.15206963830011639200
2022-11-01,1-10,141224,638148.79759470227641570300
2022-11-01,10-100,275105,11510143.4544900680543235
2022-11-01,100-1000,374062,128949286.7390134794168066
2022-11-01,1000-10000,158924,484303365.3503353157310698
2022-11-01,10000-100000,47784,1454139855.8318090030563510
2022-11-01,100000-1000000,9664,2627901361.328613752154
2022-11-01,1000000-10000000,918,2060420226.347303640036
2022-11-01,>=10000000,35,952020828.517133185535
2022-12-01,<0.01,16580,46.448904136218215552000000000000000000
2022-12-01,0.01-0.1,28778,1254.79786209098541167900
2022-12-01,0.1-1,69087,32275.63525372270820125700
2022-12-01,1-10,170494,770600.53071974527561742600
2022-12-01,10-100,263145,10003359.5759823620151714
2022-12-01,100-1000,239477,74762086.5329265610530775
2022-12-01,1000-10000,84759,266317338.3633257641856078
2022-12-01,10000-100000,24412,798264944.9144423757077472
2022-12-01,100000-1000000,5770,1568350918.443090873527
2022-12-01,1000000-10000000,621,1366599592.828480400201
2022-12-01,>=10000000,30,446844242.494040117588
2023-01-01,<0.01,25531,82.427159921525657413000000000000000000
2023-01-01,0.01-0.1,42309,1635.63900450675548116400
2023-01-01,0.1-1,88782,41889.78759662243400169700
2023-01-01,1-10,225393,992237.75799869564285109000
2023-01-01,10-100,302832,12114010.7609030828407761
2023-01-01,100-1000,312789,101956385.3691064744492727
2023-01-01,1000-10000,96602,278356074.1102171447410304
2023-01-01,10000-100000,22479,664705950.7565087112631046
2023-01-01,100000-1000000,4694,1230335037.384182337142
2023-01-01,1000000-10000000,447,951130425.066283910520
2023-01-01,>=10000000,12,182382380.986954910000
2023-02-01,<0.01,34182,83.952546772476178155000000000000000000
2023-02-01,0.01-0.1,32868,1554.47598454729462406500
2023-02-01,0.1-1,70431,34418.23495030359470841500
2023-02-01,1-10,238457,944207.63812419473357643700
2023-02-01,10-100,275167,10644198.9147478332705909
2023-02-01,100-1000,303115,108433844.3061597590961138
2023-02-01,1000-10000,131238,388520057.7814134337563426
2023-02-01,10000-100000,34414,1008724737.8865415152985001
2023-02-01,100000-1000000,6613,1708624334.173131868360
2023-02-01,1000000-10000000,410,793338011.517442346446
2023-02-01,>=10000000,16,336031759.312536642250
2023-03-01,<0.01,82139,220.158063844356063912000000000000000000
2023-03-01,0.01-0.1,42064,1881.58980367078378996600
2023-03-01,0.1-1,116533,61490.03280477303113230700
2023-03-01,1-10,246900,1044057.41389495464682790100
2023-03-01,10-100,340579,14665025.9949774724754103
2023-03-01,100-1000,364047,132973132.5392612127908450
2023-03-01,1000-10000,247202,836916874.2101001027346733
2023-03-01,10000-100000,73375,2031395254.4805858692382385
2023-03-01,100000-1000000,16137,3828527440.686513499607
2023-03-01,1000000-10000000,990,1915011863.447937170661
2023-03-01,>=10000000,35,547784519.816819413162
2023-04-01,<0.01,52154,111.559011989916966636000000000000000000
2023-04-01,0.01-0.1,44906,2152.96383106623304655700
2023-04-01,0.1-1,148540,74106.58325175639854280900
2023-04-01,1-10,226507,978535.65238242236260804800
2023-04-01,10-100,270766,10813413.6862094863279349
2023-04-01,100-1000,270123,96111497.8962388627293303
2023-04-01,1000-10000,156526,512858296.7626707031980972
2023-04-01,10000-100000,34289,972553965.1906795591318791
2023-04-01,100000-1000000,9225,2400787650.513916534355
2023-04-01,1000000-10000000,683,1338063184.655861458267
2023-04-01,>=10000000,25,591946514.336139983682
2023-05-01,<0.01,160468,348.341750866521644189000000000000000000
2023-05-01,0.01-0.1,103207,3943.97258778551469531600
2023-05-01,0.1-1,213769,92314.43135731779891116900
2023-05-01,1-10,252998,1005827.50472819144584143100
2023-05-01,10-100,310953,12936902.8753130594956399
2023-05-01,100-1000,308303,102758299.5875504954554692
2023-05-01,1000-10000,153031,505789001.8073284122676601
2023-05-01,10000-100000,34442,970262378.0105409478757194
2023-05-01,100000-1000000,8352,2150579616.415509220974
2023-05-01,1000000-10000000,621,1355821371.681199736969
2023-05-01,>=10000000,24,808644421.755629145681
2023-06-01,<0.01,363627,451.610252330455162400000000000000000000
2023-06-01,0.01-0.1,228918,6954.49815685507178198700
2023-06-01,0.1-1,331772,134355.96310892984817662800
2023-06-01,1-10,329978,1198457.45318101040760892700
2023-06-01,10-100,354957,14355735.5103087901757581
2023-06-01,100-1000,314914,106447478.6406453509120782
2023-06-01,1000-10000,161665,558123342.5553756761941632
2023-06-01,10000-100000,31076,893102437.0770621360660628
2023-06-01,100000-1000000,6245,1619200707.158319350673
2023-06-01,1000000-10000000,618,1120139658.734613285754
2023-06-01,>=10000000,16,542084415.443904880000
2023-07-01,<0.01,355459,533.452124702528967024000000000000000000
2023-07-01,0.01-0.1,186501,6021.47697851547298818300
2023-07-01,0.1-1,298664,117305.23672234978180583600
2023-07-01,1-10,309543,1071765.08258899707458717800
2023-07-01,10-100,320599,13687761.8737757816267857
2023-07-01,100-1000,343472,116338440.1651885397916022
2023-07-01,1000-10000,130219,407458775.6841726167718401
2023-07-01,10000-100000,22705,572801707.0171057879004317
2023-07-01,100000-1000000,3788,953359268.295560152882
2023-07-01,1000000-10000000,395,740930369.621273710723
2023-07-01,>=10000000,18,303645426.558970847126
2023-08-01,<0.01,192484,315.129716894525936753000000000000000000
2023-08-01,0.01-0.1,150464,5860.80167506926613803900
2023-08-01,0.1-1,285517,119933.91952553483409564600
2023-08-01,1-10,304176,1102601.62571492855884658200
2023-08-01,10-100,263230,10791898.6453591726627805
2023-08-01,100-1000,245007,82111582.2776985036392357
2023-08-01,1000-10000,140288,437118206.2050681750857818
2023-08-01,10000-100000,28783,825490951.3103740933799454
2023-08-01,100000-1000000,5865,1403263077.362346129806
2023-08-01,1000000-10000000,254,487038032.597973391570
2023-08-01,>=10000000,14,157194917.005958740000
2023-09-01,<0.01,197546,360.368131583689901511000000000000000000
2023-09-01,0.01-0.1,130610,5652.45514224489867541900
2023-09-01,0.1-1,331972,132702.71209643511908173000
2023-09-01,1-10,287516,977335.98511969510151990100
2023-09-01,10-100,235992,9877879.9368982552866230
2023-09-01,100-1000,185173,58810574.2323759397215712
2023-09-01,1000-10000,109296,335782554.0011605574154908
2023-09-01,10000-100000,16056,469363687.4208174292173993
2023-09-01,100000-1000000,4127,1068704547.669134475923
2023-09-01,1000000-10000000,262,442159810.925638591870
2023-09-01,>=10000000,9,112508877.469131960000
2023-10-01,<0.01,225418,418.573812783351773766000000000000000000
2023-10-01,0.01-0.1,159634,6560.35285770910401129500
2023-10-01,0.1-1,382607,132890.72783115266789372500
2023-10-01,1-10,317184,994790.14014064273357400000
2023-10-01,10-100,272557,11191925.1438392945226973
2023-10-01,100-1000,214386,68738831.7357192721079798
2023-10-01,1000-10000,137691,427985240.0057875878393467
2023-10-01,10000-100000,20995,571177487.2701735219385110
2023-10-01,100000-1000000,5231,1284292682.459003324165
2023-10-01,1000000-10000000,335,633920721.324353163932
2023-10-01,>=10000000,7,140165248.686626352457
2023-11-01,<0.01,202435,321.754323539655224407000000000000000000
2023-11-01,0.01-0.1,224844,8677.44455384803119451900
2023-11-01,0.1-1,368998,125236.37293648621696210100
2023-11-01,1-10,598231,2512552.00687647939727500400
2023-11-01,10-100,326740,12514934.4354093685990976
2023-11-01,100-1000,285520,94484031.8043156453174380
2023-11-01,1000-10000,176992,482080273.7442432018361755
2023-11-01,10000-100000,24941,697494822.1281753110266842
2023-11-01,100000-1000000,6359,1561259632.453888193930
2023-11-01,1000000-10000000,462,874192759.312995152195
2023-11-01,>=10000000,21,249008958.698354040000
2023-12-01,<0.01,261717,513.758223443764995128000000000000000000
2023-12-01,0.01-0.1,243018,9159.57430984146656454100
2023-12-01,0.1-1,396230,137771.48152756359118116400
2023-12-01,1-10,634345,2301253.29439508941283764300
2023-12-01,10-100,467642,18780703.2628005613075062
2023-12-01,100-1000,421103,141435283.8784028736816905
2023-12-01,1000-10000,214605,624057277.1126399598368969
2023-12-01,10000-100000,41237,1160641934.5298789090564910
2023-12-01,100000-1000000,10515,2644490246.223236331292
2023-12-01,1000000-10000000,1023,1856046510.183223897282
2023-12-01,>=10000000,27,355735548.316722324334
2024-01-01,<0.01,290906,552.347977425275662880000000000000000000
2024-01-01,0.01-0.1,176579,7157.30631082530110012800
2024-01-01,0.1-1,363593,127566.87851263792618190300
2024-01-01,1-10,467298,1828563.35953289664925227100
2024-01-01,10-100,578072,21022000.7756485047705897
2024-01-01,100-1000,463967,164828488.1329543275035120
2024-01-01,1000-10000,226760,664533867.2383523592800755
2024-01-01,10000-100000,47021,1331542365.1042017833011719
2024-01-01,100000-1000000,12551,3400977105.667529602513
2024-01-01,1000000-10000000,970,1797007398.940317969920
2024-01-01,>=10000000,31,458237326.806940896048
2024-02-01,<0.01,132250,266.345440018961432432000000000000000000
2024-02-01,0.01-0.1,111980,5579.20886166076295424600
2024-02-01,0.1-1,150143,65641.86538129384394635800
2024-02-01,1-10,203439,904284.93094750909666340800
2024-02-01,10-100,441935,18432732.7436836262465291
2024-02-01,100-1000,491972,175195847.6763358981519851
2024-02-01,1000-10000,301266,937696415.6998202144657940
2024-02-01,10000-100000,56728,1539287357.3739620140688553
2024-02-01,100000-1000000,13718,3908697836.052836054386
2024-02-01,1000000-10000000,677,1464976127.701460892468
2024-02-01,>=10000000,16,310881142.177040231902
2024-03-01,<0.01,157707,307.185553231050171781000000000000000000
2024-03-01,0.01-0.1,71395,3429.12523205723274134100
2024-03-01,0.1-1,152496,65731.92035485216332932600
2024-03-01,1-10,275672,1257863.16208099327822691200
2024-03-01,10-100,707337,32069087.3616980927847083
2024-03-01,100-1000,1160118,420935569.2790730967556288
2024-03-01,1000-10000,481728,1406355382.7212551158179974
2024-03-01,10000-100000,114976,3209732416.2015908194852734
2024-03-01,100000-1000000,24593,6881782761.388616408814
2024-03-01,1000000-10000000,1053,2249397477.554307334699
2024-03-01,>=10000000,56,1228334217.784274850000
2024-04-01,<0.01,323683,455.239735533048993695000000000000000000
2024-04-01,0.01-0.1,137559,5756.96485318349805364100
2024-04-01,0.1-1,348683,148213.34632259113051927800
2024-04-01,1-10,502457,1984266.05828640831026395400
2024-04-01,10-100,734279,33162483.3363679088560182
2024-04-01,100-1000,1563577,570387448.8733149857246591
2024-04-01,1000-10000,467995,1112332558.5297281390831099
2024-04-01,10000-100000,71357,2065539728.4636737553799858
2024-04-01,100000-1000000,18258,5383615812.122326161631
2024-04-01,1000000-10000000,745,1538116173.795793007038
2024-04-01,>=10000000,34,708951477.721476630000
2024-05-01,<0.01,510095,597.677316984355686159000000000000000000
2024-05-01,0.01-0.1,193660,8507.16887347177771394200
2024-05-01,0.1-1,297047,126383.53341468192476333500
2024-05-01,1-10,491480,2111107.98475782928211393100
2024-05-01,10-100,558497,21532564.9822122572213818
2024-05-01,100-1000,618822,204492493.2719348988146692
2024-05-01,1000-10000,236389,644790179.6400794427402741
2024-05-01,10000-100000,42221,1181398373.6887740008120171
2024-05-01,100000-1000000,12415,4086101623.949735873761
2024-05-01,1000000-10000000,421,690881814.175380465560
2024-05-01,>=10000000,20,401782911.442305540000
2024-06-01,<0.01,178101,400.473757246268776517000000000000000000
2024-06-01,0.01-0.1,105910,4421.17042542268030444700
2024-06-01,0.1-1,177504,72235.47181782512171455400
2024-06-01,1-10,232630,1033551.40930359965085736400
2024-06-01,10-100,391564,16327748.0198949192010859
2024-06-01,100-1000,581801,192499048.4333888853062486
2024-06-01,1000-10000,173702,483049822.0528207895982475
2024-06-01,10000-100000,35898,1016886981.4308268815970554
2024-06-01,100000-1000000,11635,4102251365.447142789883
2024-06-01,1000000-10000000,683,1221092314.573078276445
2024-06-01,>=10000000,60,1132160684.749576560000
2024-07-01,<0.01,219902,634.294504456789726813000000000000000000
2024-07-01,0.01-0.1,139726,5802.91918651591827786600
2024-07-01,0.1-1,204659,91294.63573243951489243400
2024-07-01,1-10,361766,1467294.54720430873827431900
2024-07-01,10-100,403625,16742521.0231893385169242
2024-07-01,100-1000,517198,171182318.8820766137218213
2024-07-01,1000-10000,166292,453097580.6276217878274471
2024-07-01,10000-100000,33566,987281876.7709014422246545
2024-07-01,100000-1000000,9860,3190481181.541487701261
2024-07-01,1000000-10000000,707,1069272731.811272174206
2024-07-01,>=10000000,29,622165031.536601220000
2024-08-01,<0.01,152903,420.404507988580016382000000000000000000
2024-08-01,0.01-0.1,96461,4121.19003753275525818800
2024-08-01,0.1-1,164083,71561.72057717580388017900
2024-08-01,1-10,301728,1215002.72393309993316903000
2024-08-01,10-100,401281,16945661.3595884903552896
2024-08-01,100-1000,490777,166878862.8782273179766786
2024-08-01,1000-10000,152672,433696309.2091146050736444
2024-08-01,10000-100000,33361,932622042.4694160278278728
2024-08-01,100000-1000000,10492,3806759566.154852407953
2024-08-01,1000000-10000000,2068,3019725845.915512824567
2024-08-01,>=10000000,29,565199363.358340029116
2024-09-01,<0.01,135577,333.937899330251671006000000000000000000
2024-09-01,0.01-0.1,99062,4192.05130370026999377400
2024-09-01,0.1-1,181064,80635.19999547832541945900
2024-09-01,1-10,476900,2095213.28502794078621044600
2024-09-01,10-100,465534,18653650.6089904166961392
2024-09-01,100-1000,436619,142376217.1757716093957007
2024-09-01,1000-10000,126768,349702691.5981343243666341
2024-09-01,10000-100000,29240,832515557.7254519076052864
2024-09-01,100000-1000000,8698,3283765398.390261194463
2024-09-01,1000000-10000000,1177,1875445711.358505983340
2024-09-01,>=10000000,31,596873024.835129172590
2024-10-01,<0.01,191237,475.228938094023253531000000000000000000
2024-10-01,0.01-0.1,122642,5193.17418210457272650300
2024-10-01,0.1-1,217460,95481.92090625424491263300
2024-10-01,1-10,372003,1506553.95560037685912390700
2024-10-01,10-100,495326,20345527.9475767283609477
2024-10-01,100-1000,525355,177555001.3763286972913695
2024-10-01,1000-10000,183967,503804975.5915134519367070
2024-10-01,10000-100000,43849,1332452673.5943785489536684
2024-10-01,100000-1000000,13652,4273677524.199728147764
2024-10-01,1000000-10000000,1364,2069765001.508418527367
2024-10-01,>=10000000,57,958925983.378858975857
2024-11-01,<0.01,178534,410.339474001111842765000000000000000000
2024-11-01,0.01-0.1,108189,4808.23966147748189071300
2024-11-01,0.1-1,224450,99235.56935150907115449100
2024-11-01,1-10,413356,1739137.62953107586613659700
2024-11-01,10-100,697076,29116814.1143227512739406
2024-11-01,100-1000,811015,277632744.0559354127053991
2024-11-01,1000-10000,329535,926266366.8186951958174263
2024-11-01,10000-100000,88210,2535532926.9412380146478754
2024-11-01,100000-1000000,25451,6878165330.651640989806
2024-11-01,1000000-10000000,1884,2791854814.155392286270
2024-11-01,>=10000000,66,1449936305.811120540001
2024-12-01,<0.01,321665,406.359481601515764755000000000000000000
2024-12-01,0.01-0.1,130141,6240.85727653208813065800
2024-12-01,0.1-1,293454,131813.49803904584149058000
2024-12-01,1-10,598987,2645037.44524113375065010800
2024-12-01,10-100,925496,37857154.9292348891589528
2024-12-01,100-1000,1036484,347223681.0361606286637621
2024-12-01,1000-10000,333500,907967347.7980093201030644
2024-12-01,10000-100000,103794,2856679954.4978964961576967
2024-12-01,100000-1000000,19561,5464294297.688982046350
2024-12-01,1000000-10000000,3474,4712724911.513170971630
2024-12-01,>=10000000,63,1771541124.970766960913
2025-01-01,<0.01,207595,469.702335694312527850000000000000000000
2025-01-01,0.01-0.1,118846,5616.69480828870704803900
2025-01-01,0.1-1,400066,163521.82240510980871384800
2025-01-01,1-10,688369,2831250.89299342728490112500
2025-01-01,10-100,1079640,42253599.5218700766569940
2025-01-01,100-1000,1078541,368656246.4591683806577970
2025-01-01,1000-10000,352784,975855427.7423777526134692
2025-01-01,10000-100000,83492,2398021482.6050619210140605
2025-01-01,100000-1000000,17626,5559213640.058449215952
2025-01-01,1000000-10000000,2560,3430688849.684567641458
2025-01-01,>=10000000,36,814808494.362008340000
2025-02-01,<0.01,202538,421.554644313183244794000000000000000000
2025-02-01,0.01-0.1,189091,8492.60200964142100081300
2025-02-01,0.1-1,388845,176058.54206660047564897700
2025-02-01,1-10,785492,3918564.66456481093498286900
2025-02-01,10-100,1429989,49143369.1114683748910894
2025-02-01,100-1000,1188279,429724537.2872710244965502
2025-02-01,1000-10000,447689,1255656125.5564077138078728
2025-02-01,10000-100000,112340,3303469620.2206263817489127
2025-02-01,100000-1000000,23481,7760573104.635059812661
2025-02-01,1000000-10000000,2515,3459005767.387530583842
2025-02-01,>=10000000,54,937574420.503112980000
2025-03-01,<0.01,178846,340.780079922483865430000000000000000000
2025-03-01,0.01-0.1,258166,11163.68964985193632142900
2025-03-01,0.1-1,580932,272140.31277296810915802400
2025-03-01,1-10,846904,4053303.05980620830294264700
2025-03-01,10-100,1639518,58122998.3390163608250859
2025-03-01,100-1000,1163950,412412142.5385405275806174
2025-03-01,1000-10000,439383,1213566797.5910433628200952
2025-03-01,10000-100000,87030,2481834371.6528354377259742
2025-03-01,100000-1000000,17853,5464611360.191395854709
2025-03-01,1000000-10000000,2342,3573379495.725409175634
2025-03-01,>=10000000,60,1197011115.130377137412
2025-04-01,<0.01,156619,484.193471066847867709000000000000000000
2025-04-01,0.01-0.1,354850,16438.76804620391940203400
2025-04-01,0.1-1,685135,269251.00297039130738078300
2025-04-01,1-10,786974,3331960.25427368959168803200
2025-04-01,10-100,1475005,57320908.7779950074599050
2025-04-01,100-1000,1099514,350842888.9441393910963801
2025-04-01,1000-10000,393704,1147114166.6497859024920338
2025-04-01,10000-100000,71364,1887948487.3337691948501731
2025-04-01,100000-1000000,12068,3180964377.548895490326
2025-04-01,1000000-10000000,1063,1892402053.788447774746
2025-04-01,>=10000000,65,1348437713.574138991628
2025-05-01,<0.01,808492,1884.279036434958405686000000000000000000
2025-05-01,0.01-0.1,555923,23515.40942607074836503200
2025-05-01,0.1-1,780678,289882.86649213785455708100
2025-05-01,1-10,1059171,4823447.70545066302864257200
2025-05-01,10-100,3401774,176486776.2623998673829863
2025-05-01,100-1000,19751983,9254184878.4372439959422349
2025-05-01,1000-10000,21127635,34335657252.2595230604742418
2025-05-01,10000-100000,174482,3939957379.6527267824908660
2025-05-01,100000-1000000,16334,3712722465.238998292457
2025-05-01,1000000-10000000,880,1741651422.926890769258
2025-05-01,>=10000000,66,1431164953.570050739618
2025-06-01,<0.01,929215,1535.551829101538202345000000000000000000
2025-06-01,0.01-0.1,435040,19824.02599579811706520200
2025-06-01,0.1-1,840899,344843.36397652034392973300
2025-06-01,1-10,1646971,7641029.58889958089351073800
2025-06-01,10-100,4801771,223487841.6861359846202588
2025-06-01,100-1000,14354207,7274784225.4594454176262912
2025-06-01,1000-10000,20772961,35359440856.2167378811642853
2025-06-01,10000-100000,199962,4571519563.4649733662646542
2025-06-01,100000-1000000,16364,3674208903.091541586150
2025-06-01,1000000-10000000,832,1524765354.947940123864
2025-06-01,>=10000000,53,927030150.681985860000
2025-07-01,<0.01,1249226,1562.543592814734417383000000000000000000
2025-07-01,0.01-0.1,536453,23447.72587149654060804200
2025-07-01,0.1-1,1010225,410303.00029934808952941700
2025-07-01,1-10,2421276,11098832.71665618867484363500
2025-07-01,10-100,6594996,287956117.7693876974474155
2025-07-01,100-1000,9713838,4382006494.4788038148210838
2025-07-01,1000-10000,6216258,11231709975.3707480818411928
2025-07-01,10000-100000,140249,3452473651.1943200108974857
2025-07-01,100000-1000000,13291,3203631822.538349862996
2025-07-01,1000000-10000000,799,1509360490.678390281983
2025-07-01,>=10000000,69,1157349164.401244980000
2025-08-01,<0.01,1033525,1208.895123533510351667000000000000000000
2025-08-01,0.01-0.1,510621,21730.41955179915514033800
2025-08-01,0.1-1,1341777,502085.84909935906586414000
2025-08-01,1-10,2832470,12753915.76813025285489920700
2025-08-01,10-100,7739921,365231069.2457125245595581
2025-08-01,100-1000,11369814,3828975962.9965040608223059
2025-08-01,1000-10000,3659712,8284885402.6288220348303254
2025-08-01,10000-100000,245830,6311435011.1443506060317863
2025-08-01,100000-1000000,16514,4123882151.819639749740
2025-08-01,1000000-10000000,1190,2154806256.577431817275
2025-08-01,>=10000000,106,2231539670.818017660000
2025-09-01,<0.01,1239685,1604.997087551948232188000000000000000000
2025-09-01,0.01-0.1,703128,28370.08921384844525677700
2025-09-01,0.1-1,1504970,633966.99811880241770518500
2025-09-01,1-10,4050509,18879926.85205936786379122200
2025-09-01,10-100,12579894,618698282.0021611010672576
2025-09-01,100-1000,21528218,7256742611.2247703950417355
2025-09-01,1000-10000,4729217,11144180294.3442751777746376
2025-09-01,10000-100000,393931,8592790930.6562281902104513
2025-09-01,100000-1000000,26305,6318404899.701423199565
2025-09-01,1000000-10000000,1041,1890608386.306158116772
2025-09-01,>=10000000,100,2359866252.936769141024
2025-10-01,<0.01,1335968,1980.852823545006724432000000000000000000
2025-10-01,0.01-0.1,1154611,46429.32418057176145676000
2025-10-01,0.1-1,1613148,704474.51547030140753595000
2025-10-01,1-10,5572208,27742112.55816543895264982500
2025-10-01,10-100,20129591,970118326.3605684453196780
2025-10-01,100-1000,35256878,12389011847.0218199303398150
2025-10-01,1000-10000,7218321,15119807609.9810784908907256
2025-10-01,10000-100000,402829,9395863161.8381161751671720
2025-10-01,100000-1000000,29069,7309719148.661162813396
2025-10-01,1000000-10000000,1306,2596216719.302502000437
2025-10-01,>=10000000,74,1625452866.178605580000
2025-11-01,<0.01,855579,1557.294111705985934952000000000000000000
2025-11-01,0.01-0.1,678165,25870.73780516134373319200
2025-11-01,0.1-1,1323635,630614.03520099801102274800
2025-11-01,1-10,4491589,22674454.05394637287156416100
2025-11-01,10-100,14671856,679999337.5951679005712923
2025-11-01,100-1000,18878579,6053329952.6493479445386572
2025-11-01,1000-10000,2873487,6664862208.8582798935728189
2025-11-01,10000-100000,211323,5694822358.2292536302310639
2025-11-01,100000-1000000,19697,4584703046.926491753178
2025-11-01,1000000-10000000,1360,2760252377.083431325163
2025-11-01,>=10000000,79,2098490304.650670210000
2025-12-01,<0.01,1212809,1172.239287012109964964000000000000000000
2025-12-01,0.01-0.1,518276,21627.23768904991678230200
2025-12-01,0.1-1,1192461,584750.50956030986580641000
2025-12-01,1-10,4746999,23241954.17308063550247290500
2025-12-01,10-100,11552827,516450328.5996579872043037
2025-12-01,100-1000,12421866,3813393931.7955728454296216
2025-12-01,1000-10000,2339377,5266180675.3696120096894403
2025-12-01,10000-100000,189651,5277694125.9567087271100673
2025-12-01,100000-1000000,20784,4560884026.246233646478
2025-12-01,1000000-10000000,1085,2616490634.853872994696
2025-12-01,>=10000000,75,2405396066.739766584852
2026-01-01,<0.01,1506083,2092.830200632258157807000000000000000000
2026-01-01,0.01-0.1,770972,33974.39295501034663768100
2026-01-01,0.1-1,1583471,729337.12453515230338959900
2026-01-01,1-10,5221201,26161039.06386893927219605000
2026-01-01,10-100,12927981,592396620.1710387614683866
2026-01-01,100-1000,13340280,4162052744.2150386333206335
2026-01-01,1000-10000,2376460,5706579433.2357211510040770
2026-01-01,10000-100000,216283,6008548919.6037752835602895
2026-01-01,100000-1000000,27122,6214902013.878672515155
2026-01-01,1000000-10000000,1365,2975750060.813074953313
2026-01-01,>=10000000,67,1971573071.072459311622
2026-02-01,<0.01,1043696,1448.255949490161080640000000000000000000
2026-02-01,0.01-0.1,732861,34853.04854470637953348500
2026-02-01,0.1-1,1298715,559170.76448790738472544500
2026-02-01,1-10,3600776,17317550.96757796628377342600
2026-02-01,10-100,9187550,421034840.7101622128666546
2026-02-01,100-1000,9477986,3187382267.5390633294529598
2026-02-01,1000-10000,2327893,5494090965.0746958294745222
2026-02-01,10000-100000,142817,3913517623.5267041027273472
2026-02-01,100000-1000000,15272,3676098004.894949339958
2026-02-01,1000000-10000000,1194,2857966516.152732610939
2026-02-01,>=10000000,66,1505516019.422490289670
2026-03-01,<0.01,2270825,1484.726262285481684964000000000000000000
2026-03-01,0.01-0.1,804533,34894.61981847279066841300
2026-03-01,0.1-1,1877312,779686.50159250224087332800
2026-03-01,1-10,3806675,17631047.83831269602051293400
2026-03-01,10-100,10638799,481219961.4520840560616485
2026-03-01,100-1000,11101919,3604154939.4549444261117636
2026-03-01,1000-10000,1868922,4228231237.4917232847103826
2026-03-01,10000-100000,118425,3290946954.3695008724213414
2026-03-01,100000-1000000,18129,4103041781.043711373970
2026-03-01,1000000-10000000,1511,3418075797.304918400496
2026-03-01,>=10000000,80,1433623754.664065788828
2026-04-01,<0.01,1084662,1751.887395983748494326000000000000000000
2026-04-01,0.01-0.1,662556,28904.54446048080257282400
2026-04-01,0.1-1,1296558,578328.43777329141413213600
2026-04-01,1-10,3542217,17138650.47255996338290835000
2026-04-01,10-100,10346341,470565515.0945724217418233
2026-04-01,100-1000,10198365,3061700044.8549260484043940
2026-04-01,1000-10000,1200881,2662696490.8510599423223997
2026-04-01,10000-100000,77730,2207141153.2782969965038948
2026-04-01,100000-1000000,15300,3854733554.881384622528
2026-04-01,1000000-10000000,1430,2817926389.088389598491
2026-04-01,>=10000000,100,2485808199.720679750025
2026-05-01,<0.01,1845455,1416.667161476780849051000000000000000000
2026-05-01,0.01-0.1,835261,34631.80762434613132799800
2026-05-01,0.1-1,1535958,720915.92200406589337374400
2026-05-01,1-10,3748631,17430948.05845419725065611700
2026-05-01,10-100,11084463,525564538.6047535890219278
2026-05-01,100-1000,14117082,4166377862.6746553847513925
2026-05-01,1000-10000,1181082,2664440947.5804696212725420
2026-05-01,10000-100000,92529,2704291732.2823308673983478
2026-05-01,100000-1000000,15005,3795312947.762783219794
2026-05-01,1000000-10000000,1214,2448667250.311510196327
2026-05-01,>=10000000,108,2247382037.152830356430
2026-06-01,<0.01,3914240,1330.009144179620094670000000000000000000
2026-06-01,0.01-0.1,677429,28752.50222526602280978400
2026-06-01,0.1-1,1350703,652063.14273315909132504300
2026-06-01,1-10,3866506,18392252.83002427917260683800
2026-06-01,10-100,12247252,546070539.7272923594459986
2026-06-01,100-1000,10699003,3127595060.5622375046620443
2026-06-01,1000-10000,1219628,3015536023.1293022370660834
2026-06-01,10000-100000,154920,4716434827.0699990016894363
2026-06-01,100000-1000000,30977,6368725412.981719153861
2026-06-01,1000000-10000000,1141,2124420947.174800600528
2026-06-01,>=10000000,154,5527107369.568112936740
2026-07-01,<0.01,4958119,1582.990314340206233306000000000000000000
2026-07-01,0.01-0.1,732443,32025.37611369852834966700
2026-07-01,0.1-1,1423625,691421.98488737063617130300
2026-07-01,1-10,4045499,19400866.45049831631505189800
2026-07-01,10-100,10794599,469105148.5607322054091699
2026-07-01,100-1000,8666491,2172087662.6916503217473411
2026-07-01,1000-10000,876642,2743359113.5380977187454184
2026-07-01,10000-100000,115444,3149295452.0592054584203257
2026-07-01,100000-1000000,16537,3758185183.484912410864
2026-07-01,1000000-10000000,1215,3939078083.163038198503
2026-07-01,>=10000000,720,9478773910.270583282698
2026-08-01,<0.01,7729072,1222.963553450576997407000000000000000000
2026-08-01,0.01-0.1,478091,20952.31216132412970099400
2026-08-01,0.1-1,937213,431913.78210568105404379900
2026-08-01,1-10,3325266,16159903.49420762153356436400
2026-08-01,10-100,7211142,321135129.1549626830145448
2026-08-01,100-1000,5880059,1662192008.0016839867435972
2026-08-01,1000-10000,623544,1605240644.7254934105711228
2026-08-01,10000-100000,48969,1365118137.8101556514917879
2026-08-01,100000-1000000,7740,1867537266.140815778737
2026-08-01,1000000-10000000,430,891305392.126493985445
2026-08-01,>=10000000,53,1125955804.529125606993
