month,symbol,token_volume,transfer_count,active_addresses,newly_adopted_addresses,genius_qualifying_transfer_volume,average_transfer_size,volume_per_active_address,transfers_per_active_address
2018-11-01,BTC,0.09057724,16,6,6,0.09057724,0.0056610775,0.015096206666666667,2.6666666666666665
2019-01-01,BTC,83.83835667,368,138,135,83.83835667,0.22782162138586956,0.6075243236956521,2.6666666666666665
2019-02-01,BTC,103.82472194,1222,265,208,103.82472194,0.08496294757774141,0.39179140354716985,4.611320754716981
2019-03-01,BTC,267.40766674,1890,328,241,267.40766674,0.14148553795767196,0.8152672766463416,5.762195121951219
2019-04-01,BTC,399.83245679,3417,325,205,399.83245679,0.1170127178197249,1.2302537132,10.513846153846155
2019-05-01,BTC,1182.68010132,4916,429,244,1182.68010132,0.2405777260618389,2.756830073006993,11.459207459207459
2019-06-01,BTC,907.93057721,5949,477,270,907.93057721,0.1526190245772399,1.9034184008595387,12.471698113207546
2019-07-01,BTC,2455.53086733,10289,730,411,2455.53086733,0.2386559303460006,3.363740914150685,14.094520547945205
2019-08-01,BTC,1409.60941394,11187,753,412,1409.60941394,0.12600423830696345,1.871991253572377,14.856573705179283
2019-09-01,BTC,1771.29960955,7837,690,302,1771.29960955,0.22601755895750925,2.5671008834057973,11.357971014492753
2019-10-01,BTC,1426.87962841,8260,682,317,1426.87962841,0.17274571772518157,2.0921988686363635,12.111436950146627
2019-11-01,BTC,1562.79581133,8012,663,276,1562.79581133,0.19505689107963056,2.3571580864705886,12.08446455505279
2019-12-01,BTC,1484.27030605,7802,601,252,1484.27030605,0.19024228480517816,2.469667730532446,12.98169717138103
2020-01-01,BTC,4935.11289453,15191,845,397,4935.11289453,0.3248708376361003,5.840370289384615,17.97751479289941
2020-02-01,BTC,10175.58199485,20480,1193,636,10175.58199485,0.4968545895922851,8.529406533822296,17.16680637049455
2020-03-01,BTC,9467.47105794,20608,1284,697,9467.47105794,0.4594075629823369,7.3734198270560745,16.049844236760123
2020-04-01,BTC,62955.3988665,33209,1152,589,62955.3988665,1.8957330502725165,54.64878373828125,28.827256944444443
2020-05-01,BTC,58973.94146249,34472,2187,1406,58973.94146249,1.7107780651685427,26.96567968106539,15.762231367169639
2020-06-01,BTC,148643.70298494,40248,4417,3231,148643.70298494,3.69319476706768,33.652638212574146,9.112067013810279
2020-07-01,BTC,187879.50590295,39476,4031,2064,187879.50590295,4.7593349352252,46.608659365653686,9.793103448275861
2020-08-01,BTC,315748.60439961,58985,5483,3505,315748.60439961,5.353032201400526,57.586832828672264,10.757796826554806
2020-09-01,BTC,1118969.7275707764,121787,15518,12415,1118969.7275707764,9.187924224841538,72.10785717043281,7.848111870086352
2020-10-01,BTC,725682.9913497303,150023,19303,12375,725682.9913497303,4.837144913444807,37.594311316879775,7.772004351655183
2020-11-01,BTC,582847.3536834877,191484,25395,13948,582847.3536834877,3.0438436301909704,22.951264173399792,7.540224453632605
2020-12-01,BTC,525310.9065966284,220650,29192,16802,525310.9065966284,2.38074283524418,17.995029686099905,7.558577692518498
2021-01-01,BTC,924089.5232044476,374271,40468,25107,924089.5232044476,2.4690385394659153,22.83506778700325,9.24856676880498
2021-02-01,BTC,5527435.862439742,761905,60081,43028,5527435.862439742,7.254757302340505,91.99973140326796,12.681296915830297
2021-03-01,BTC,6713895.138127704,788914,78769,53557,6713895.138127704,8.510300410599513,85.23524658339835,10.015539108024731
2021-04-01,BTC,8909223.456891594,1719383,106203,68720,8909223.456891594,5.181639842252479,83.88862326762515,16.189589747935557
2021-05-01,BTC,3284985.916186899,1843762,110295,62104,3284985.916186899,1.7816756805850749,29.783634037688916,16.7166417335328
2021-06-01,BTC,1758961.8940423164,1039959,80861,42636,1758961.8940423164,1.69137619275598,21.752908003145105,12.861070231632059
2021-07-01,BTC,1340091.0949385636,1300450,92842,56534,1340091.0949385636,1.0304825982841044,14.434104122472196,14.007130393571876
2021-08-01,BTC,1369825.1118135052,1299028,121076,65587,1369825.1118135052,1.054500066059781,11.313762527780115,10.729029700353497
2021-09-01,BTC,1379649.385884339,1264606,116585,57621,1379649.385884339,1.0909717223264312,11.833849859624642,10.847072951065746
2021-10-01,BTC,1369344.7401707466,3425182,167062,99492,1369344.7401707466,0.3997874390822872,8.196626044047997,20.50246016448983
2021-11-01,BTC,1061108.2659360317,3435518,182755,105541,1061108.2659360317,0.3088641264391663,5.806179124708116,18.79848978140133
2021-12-01,BTC,1042412.706601014,1773807,155052,72690,1042412.706601014,0.5876697445669197,6.7229878144171895,11.440078167324511
2022-01-01,BTC,1242066.0358718252,1391766,155805,72174,1242066.0358718252,0.8924388409199716,7.971926676755079,8.932742851641475
2022-02-01,BTC,886129.5130047009,1020293,129971,50991,886129.5130047009,0.868504942212385,6.817901785819151,7.850158881596664
2022-03-01,BTC,860769.0259391428,1088682,146544,64454,860769.0259391428,0.7906523906330248,5.873792348640291,7.429045201441205
2022-04-01,BTC,856032.90737804,1047921,132162,56104,856032.90737804,0.816886871603909,6.47714855539444,7.929064330140283
2022-05-01,BTC,1867090.5116075028,1122565,134706,54078,1867090.5116075028,1.663235992220943,13.860485142514088,8.333444686947871
2022-06-01,BTC,2667689.3785919184,1023303,133468,53358,2667689.3785919184,2.606939859056329,19.987482981627945,7.66702880091108
2022-07-01,BTC,1441664.2226313548,917838,115098,40491,1441664.2226313548,1.5707175151076278,12.525536695957834,7.974404420580722
2022-08-01,BTC,895128.0605103902,1055432,115262,51507,895128.0605103902,0.8481153314570623,7.76602922481295,9.156807967933924
2022-09-01,BTC,1081522.6234094321,827587,112975,38312,1081522.6234094321,1.306838584232754,9.57311461305096,7.325399424651471
2022-10-01,BTC,673034.8800398186,579496,93537,36890,673034.8800398186,1.161414194472125,7.19538663886824,6.195366539444284
2022-11-01,BTC,1432148.5352052918,791156,126636,54699,1432148.5352052918,1.8101974012777402,11.309173814754823,6.247480969076724
2022-12-01,BTC,531552.8111821255,502828,98452,44389,531552.8111821255,1.0571265147965616,5.399106276989045,5.10734164872222
2023-01-01,BTC,453091.9129491645,558413,92415,40923,453091.9129491645,0.8113921290320327,4.902796223006703,6.042449818752367
2023-02-01,BTC,450112.92286413396,613630,89231,38402,450112.92286413396,0.7335249627041278,5.044355917384474,6.876870146025484
2023-03-01,BTC,870396.3275588294,875108,174080,61056,870396.3275588294,0.9946158960480643,4.999978903715702,5.027045036764706
2023-04-01,BTC,601666.6478951656,725802,99135,46527,601666.6478951656,0.828968021437204,6.069164754074399,7.321349674686034
2023-05-01,BTC,384260.2713064747,707571,98735,51338,384260.2713064747,0.5430695595303859,3.891834418458244,7.166364511064972
2023-06-01,BTC,492631.3780002644,757103,101554,48727,492631.3780002644,0.6506794689761689,4.8509303227865415,7.455176556314867
2023-07-01,BTC,374114.02896580484,631030,84167,38135,374114.02896580484,0.5928625088598083,4.44490155245886,7.497356446113085
2023-08-01,BTC,382064.60600243404,636941,82500,35388,382064.60600243404,0.5998430090109351,4.631086133362837,7.72049696969697
2023-09-01,BTC,299264.3380722711,648928,75883,35066,299264.3380722711,0.4611672451678323,3.9437599735417828,8.551691419685568
2023-10-01,BTC,811339.260867489,902238,89388,41464,811339.260867489,0.8992519278366562,9.076601566960766,10.09350248355484
2023-11-01,BTC,604923.5980361054,1138120,95587,43871,604923.5980361054,0.5315112624645076,6.328513271010759,11.906640024271082
2023-12-01,BTC,512640.09425218566,1387350,118956,58335,512640.09425218566,0.3695102852576391,4.309493377821932,11.662715625945728
2024-01-01,BTC,623039.6857934963,1388335,139042,69818,623039.6857934963,0.4487675422671735,4.480945942905715,9.98500453100502
2024-02-01,BTC,462884.17023439356,1292020,180019,114742,462884.17023439356,0.35826393572420984,2.5713073077530346,7.177131302806926
2024-03-01,BTC,587868.167551688,2095307,259887,166443,587868.167551688,0.2805642168673555,2.262014519970941,8.062377110051676
2024-04-01,BTC,580206.477300312,2696866,376179,282830,580206.477300312,0.21514101082527348,1.5423680675963092,7.169103006813246
2024-05-01,BTC,547801.3545562834,2807140,492587,326751,547801.3545562834,0.19514571932867025,1.1120905638116383,5.698769963478533
2024-06-01,BTC,684916.5049216592,2441967,338605,151214,684916.5049216592,0.2804773794738665,2.0227595721317146,7.211845660873289
2024-07-01,BTC,535202.3584576229,2379615,189731,95527,535202.3584576229,0.22491132324246693,2.8208482454507853,12.54204637091461
2024-08-01,BTC,762992.8550012801,2734101,230640,133861,762992.8550012801,0.2790653509147175,3.3081549384377387,11.85440946930281
2024-09-01,BTC,455906.28839805565,1661950,135038,63266,455906.28839805565,0.2743200989187735,3.376133298760761,12.30727647032687
2024-10-01,BTC,498158.3164501329,2057004,148111,61367,498158.3164501329,0.24217663964199043,3.3634120116003055,13.888259481064877
2024-11-01,BTC,644856.6973816438,3040182,189810,83527,644856.6973816438,0.21211121484886228,3.3973799977959214,16.01697486960645
2024-12-01,BTC,613154.5842369824,2955682,205450,108688,613154.5842369824,0.2074494428822121,2.98444674732043,14.38638111462643
2025-01-01,BTC,557989.0676268368,6086936,899066,701289,557989.0676268368,0.09166994159735486,0.6206319309448214,6.770288276945186
2025-02-01,BTC,717485.323202031,3057769,214771,115630,717485.323202031,0.23464340282147897,3.3406992713263475,14.237345824156893
2025-03-01,BTC,781837.2796367079,3121490,254386,89606,781837.2796367079,0.2504692565527065,3.073428882236868,12.270683135078189
2025-04-01,BTC,849724.8717752588,3154195,196951,91217,849724.8717752588,0.2693951616102552,4.314397346422505,16.01512558961366
2025-05-01,BTC,592429.4983725204,3571472,221321,102792,592429.4983725204,0.16587824246487734,2.6767884582688515,16.137067878782403
2025-06-01,BTC,457950.18856182264,3670469,282045,191982,457950.18856182264,0.12476612350133529,1.6236777413597923,13.01377085216898
2025-07-01,BTC,546104.8923181992,4834835,203292,90815,546104.8923181992,0.1129521260432257,2.6863078346329377,23.782711567597346
2025-08-01,BTC,1919553.6868473196,4366834,164626,71954,1919553.6868473196,0.4395756025640818,11.660088241513003,26.52578572036009
2025-09-01,BTC,2046700.8120346249,3561328,155600,61703,2046700.8120346249,0.5747015753771135,13.153604190453887,22.88771208226221
2025-10-01,BTC,11553174.97605449,11751342,173111,77053,11553174.97605449,0.983136647376486,66.7385375629191,67.8832772036439
2025-11-01,BTC,16124293.72155188,7503755,144083,60306,16124293.72155188,2.1488299819959313,111.90975841391337,52.07939173948349
2025-12-01,BTC,26321640.878203984,5517621,129213,56340,26321640.878203984,4.7704691710800695,203.70737370236728,42.70174827610225
2026-01-01,BTC,23758014.724044837,6482498,151457,76151,23758014.724044837,3.6649474822892096,156.86310123695065,42.800913790712876
2026-02-01,BTC,15692577.63395643,7440815,163793,86177,15692577.63395643,2.1089863991990705,95.80737659091922,45.4281623756815
2026-03-01,BTC,10207754.944041524,6732810,152664,81501,10207754.944041524,1.5161210466419703,66.86419158440447,44.10214588901116
2026-04-01,BTC,8568040.784035513,8199366,172291,83157,8568040.784035513,1.0449638159871768,49.73005429207279,47.5902165522285
2026-05-01,BTC,10897754.098525554,5807245,150675,75343,10897754.098525554,1.8765790144079602,72.32622597329055,38.541529782644766
2026-06-01,BTC,11320744.990363022,8313126,207936,122892,11320744.990363022,1.3617915800100975,54.44341042610718,39.97925323176362
2019-11-01,DAI,1108439134.853176,65026,6457,6457,1108439134.1792872,17046.091320076386,171664.72585615242,10.07062103143875
2019-12-01,DAI,795709648.9082234,155660,22943,19737,795709647.1672695,5111.8440650601915,34682.022791623735,6.7846401952665305
2020-01-01,DAI,1455899478.0368948,276353,38470,30289,1455899474.7914362,5268.2600687940285,37845.060515645826,7.183597608526124
2020-02-01,DAI,3605903612.273504,438153,51577,36525,3605903607.913126,8229.781852259659,69913.01572936587,8.495123795490239
2020-03-01,DAI,2646707454.327278,453944,54808,35455,2646707449.220807,5830.471267867418,48290.53157070643,8.282440519632171
2020-04-01,DAI,1669802318.3997524,311545,47325,30808,1669802313.238397,5359.746788548675,35283.72569254627,6.583095615425251
2020-05-01,DAI,1647941311.398428,256938,58872,41749,1647941308.2701359,6413.770280262694,27991.93693773658,4.364349775784754
2020-06-01,DAI,2118390541.2834315,310625,70943,46450,2118390538.4162116,6819.768332929454,29860.458978101175,4.378515145962251
2020-07-01,DAI,13457907980.959568,534328,100475,67180,13457907976.166864,25186.604438035934,133942.8512660818,5.318019407812889
2020-08-01,DAI,12355001851.14551,525521,107344,70830,12355001846.548613,23510.005968455327,115097.27466039565,4.8956718586972725
2020-09-01,DAI,25021149995.792984,614170,121086,80646,25021149990.48645,40739.77887309124,206639.49586073522,5.072180103397585
2020-10-01,DAI,9384983479.248243,478153,122546,73346,9384983475.637215,19627.57417738091,76583.35220446398,3.9018246209586605
2020-11-01,DAI,12489309473.756937,544005,121604,71844,12489309469.057821,22958.078453429327,102704.75867370264,4.473578171770665
2020-12-01,DAI,16078082809.827564,806094,149992,92364,16078082804.422117,19945.667384228287,107192.93568875383,5.374246626486746
2021-01-01,DAI,37086418528.06861,930077,182240,118751,37086418525.35616,39874.56793938154,203503.17453944584,5.103583187006146
2021-02-01,DAI,72852714898.64793,816530,181378,126700,72852714897.26988,89222.337081638,401662.3565076687,4.501813891431155
2021-03-01,DAI,66048667409.5764,843480,168614,111351,66048667407.988464,78304.9597002756,391715.2040137616,5.002431589310496
2021-04-01,DAI,173882834214.38797,1158387,179179,116627,173882834213.17853,150107.72238740468,970442.0396050205,6.464970783406538
2021-05-01,DAI,96371362774.47034,2000523,186107,115262,96371362773.3024,48173.08412515247,517827.71617655613,10.749316253553063
2021-06-01,DAI,59928366697.25491,1072937,181712,90966,59928366694.10708,55854.506549878584,329798.6192285315,5.904601787443867
2021-07-01,DAI,48523683263.177635,760359,128392,66609,48523683259.7821,63816.806613431414,377933.85306855285,5.922168047853448
2021-08-01,DAI,35908269819.16361,778113,129715,70283,35908269818.018265,46147.885741554586,276824.34428681043,5.998635470068997
2021-09-01,DAI,38829734216.798004,626604,121544,65929,38829734215.77872,61968.5386875582,319470.59679456,5.155367603501612
2021-10-01,DAI,57689076187.8928,663277,132415,78799,57689076186.76817,86975.84295365009,435668.73985494697,5.009077521428841
2021-11-01,DAI,57492256839.42564,869527,157974,101290,57492256838.93759,66119.00129488514,363934.931314176,5.5042412042488005
2021-12-01,DAI,233516391518.41568,707622,141297,75471,233516391517.76965,330001.5990426664,1652663.478477361,5.00804687997622
2022-01-01,DAI,53786271931.820564,528709,103719,51729,53786271931.33218,101731.33412015339,518576.8464005685,5.097513473905456
2022-02-01,DAI,37876806402.47589,393964,90825,45426,37876806402.04889,96142.81102346633,417030.62375420745,4.337616295072943
2022-03-01,DAI,38868484649.057686,460947,114103,61542,38868484648.23113,84323.11013680778,340643.84502649086,4.0397447919861875
2022-04-01,DAI,35004275908.034615,375418,98517,50751,35004275907.349434,93240.80333747831,355312.0365828701,3.81069257082534
2022-05-01,DAI,76530185467.81741,515673,120545,54348,76530185467.2144,148408.36240643664,634868.1858875724,4.277846447384794
2022-06-01,DAI,101307746804.9028,445403,103798,41813,101307746804.24986,227451.8734814311,976008.6591736141,4.291055704348832
2022-07-01,DAI,147402602049.70038,360924,86416,37203,147402602047.66354,408403.43686666316,1705732.7583977547,4.176587668950194
2022-08-01,DAI,241373552991.0025,394639,83839,36077,241373552988.84933,611631.2705760184,2879012.786304733,4.707105285129832
2022-09-01,DAI,193768743066.32104,446094,95011,37425,193768743064.099,434367.51685541385,2039434.8345593777,4.695182663060066
2022-10-01,DAI,82111812015.14015,310948,72416,35005,82111812013.1725,264069.2720749852,1133890.466404388,4.293912947414936
2022-11-01,DAI,112249357843.14314,482753,101631,50452,112249357835.87883,232519.234133975,1104479.5175009903,4.750056577225453
2022-12-01,DAI,21610698723.3606,314874,85134,44439,21610698715.18302,68632.84588496675,253843.33783635913,3.6985693142575236
2023-01-01,DAI,18535835560.633064,351068,95340,51721,18535835556.750095,52798.41955618312,194418.24586357316,3.6822739668554645
2023-02-01,DAI,18144390939.612732,297956,91095,45538,18144390938.146927,60896.20929985275,199180.97524137146,3.270827158460947
2023-03-01,DAI,50342154858.04473,463527,102189,50710,50342154854.4541,108606.73672613267,492637.7091276432,4.535977453541967
2023-04-01,DAI,19088732801.650116,223550,55368,23679,19088732800.019257,85389.09774108368,344761.10391652427,4.037530703655541
2023-05-01,DAI,15408919558.152508,229787,61788,34424,15408919557.107512,67057.40340884171,249383.69194912456,3.718958373794264
2023-06-01,DAI,19024044058.968296,240057,76836,29072,19024044057.051064,79248.02883086543,247592.84787037713,3.124277682336405
2023-07-01,DAI,32765732964.298798,201009,55238,28430,32765732963.080418,163006.2980417813,593173.7746532966,3.6389623085557044
2023-08-01,DAI,27606914999.25546,212882,54751,26714,27606914998.205738,129681.77205308921,504226.68077761977,3.888184690690581
2023-09-01,DAI,27316503437.779114,181692,48830,21585,27316503436.05779,150345.1084035499,559420.5086581837,3.72090927708376
2023-10-01,DAI,68858787773.49458,228511,51934,24243,68858787771.92963,301336.86243519845,1325890.3179707818,4.4000269572919475
2023-11-01,DAI,91077321897.19778,237159,49489,22610,91077321896.20471,384034.853816236,1840354.864660789,4.792155832609267
2023-12-01,DAI,80496835968.58815,295948,54864,26544,80496835967.68648,271996.5533393923,1467206.838155952,5.394211140274132
2024-01-01,DAI,163361785402.8085,418141,74544,43439,163361785400.99487,390685.8820373866,2191481.3452834366,5.609317986692424
2024-02-01,DAI,117361658081.11171,301831,59849,31832,117361658079.91153,388832.35346903244,1960962.7242077847,5.043208742000702
2024-03-01,DAI,113695671408.40883,388773,80794,41460,113695671407.51555,292447.4472443188,1407229.1433572893,4.811904349332871
2024-04-01,DAI,384389431991.92316,406182,59354,30563,384389431989.824,946347.7751102314,6476217.8116373485,6.843380395592546
2024-05-01,DAI,231284444849.09995,362470,48352,22051,231284444846.52826,638078.8612754939,4783348.048666031,7.496484116479153
2024-06-01,DAI,228649655056.2626,298884,42763,18749,228649655054.3336,765011.3591036442,5346903.983730389,6.989313191310245
2024-07-01,DAI,317350711318.32794,366294,44643,19978,317350711316.22943,866382.4996211497,7108633.185904351,8.2049593441301
2024-08-01,DAI,466571406351.60345,395878,53904,23582,466571406342.94775,1178573.7180215819,8655598.96021823,7.344130305728703
2024-09-01,DAI,205087319884.9792,301654,42608,20457,205087319881.37936,679876.0165002929,4813352.419380848,7.079750281637251
2024-10-01,DAI,107015290446.48904,299428,40617,19783,107015290441.98701,357399.075710979,2634741.375445972,7.371987098997956
2024-11-01,DAI,120286267920.92807,370017,48300,22262,120286267919.1732,325083.0851533124,2490398.9217583453,7.660807453416149
2024-12-01,DAI,85742738755.47293,347926,50017,24091,85742738754.07074,246439.58414740703,1714271.9226557557,6.956154907331507
2025-01-01,DAI,87079128473.78336,296673,42653,20386,87079128471.64365,293518.88601808605,2041571.0143198217,6.955501371533069
2025-02-01,DAI,128798122113.47112,404654,50685,27356,128798122107.56374,318291.9781036731,2541148.7050107745,7.9837032652658575
2025-03-01,DAI,180932082356.8522,464459,54900,28589,180932082347.1769,389554.47595412494,3295666.3452978544,8.46009107468124
2025-04-01,DAI,220112376052.7544,408896,49429,25030,220112376041.48224,538308.9490762498,4453101.945270072,8.272390701814723
2025-05-01,DAI,261524858170.01193,428668,48459,26496,261524858138.0955,610087.1960073891,5396827.383355248,8.845993520295508
2025-06-01,DAI,228640893823.98962,377484,51139,29205,228640893793.93582,605696.9137604132,4470969.198146026,7.3815287745165135
2025-07-01,DAI,151983937855.0679,460866,63200,40878,151983937819.79742,329779.01997499797,2404809.1432763906,7.292183544303797
2025-08-01,DAI,72722989761.64969,562704,82603,51919,72722989689.92929,129238.44452843642,880391.6293796798,6.812149679793712
2025-09-01,DAI,70942208014.07532,545443,81000,52365,70942207960.25804,130063.4676038707,875829.7285688311,6.733864197530864
2025-10-01,DAI,67640737175.09596,725220,100303,66870,67640737140.54593,93269.26607173814,674364.0486834488,7.2302922145897925
2025-11-01,DAI,61115794614.37798,686421,90164,56238,61115794548.36897,89035.43823450764,677829.2291200255,7.613027372343729
2025-12-01,DAI,55560165530.288445,670002,109315,78680,55560165182.72671,82925.37213728721,508257.4718043127,6.129094817728583
2026-01-01,DAI,54239427449.21942,657551,153668,120238,54239427120.25993,82487.02704468541,352965.0119037107,4.279036624411068
2026-02-01,DAI,39301342178.127815,777429,133372,100161,39301342029.31005,50552.96628928179,294674.61069885595,5.829027082146178
2026-03-01,DAI,54702500588.27764,805555,133787,96696,54702500405.44191,67906.59905958241,408877.5485531303,6.021175450529573
2026-04-01,DAI,42846846653.61669,642240,140916,60211,42846846570.07719,66714.69632859551,304059.4868830842,4.557608788214255
2026-05-01,DAI,40884554605.32183,435097,77974,44460,40884554494.71505,93966.52814134561,524335.7350568373,5.5800266755585195
2026-06-01,DAI,35393594227.64741,530658,67092,46305,35393594120.7748,66697.56061488719,527538.21957383,7.9094079771060635
2017-11-01,ETH,15.01038189894762,11,20,20,15.01038189894762,1.3645801726316018,0.750519094947381,0.55
2017-12-01,ETH,366073563.93590546,18325647,6296296,6296279,366073563.93590546,19.976023980812545,58.14109818469549,2.9105440722608975
2018-01-01,ETH,373326941.5657011,24620587,8808768,7201791,373326941.5657011,15.16320230568431,42.381288911877476,2.795009131810487
2018-02-01,ETH,138056590.26580673,13476832,4630787,3049401,138056590.26580673,10.243994305620692,29.8127705432806,2.9102681682400853
2018-03-01,ETH,55042395.400594816,11198428,3973209,2354298,55042395.400594816,4.915189471289614,13.85338536195675,2.818484504590622
2018-04-01,ETH,50926972.843985945,10699408,3643065,2195262,50926972.843985945,4.759793517920426,13.97915569554371,2.9369248146821425
2018-05-01,ETH,62097010.84545974,12977177,4584223,2709450,62097010.84545974,4.7850939264725865,13.545809365176986,2.8308345820000467
2018-06-01,ETH,62706347.43266928,11080224,4023280,2245562,62706347.43266928,5.65930322642117,15.5858770537147,2.75402755960311
2018-07-01,ETH,45207513.11418224,9605136,3226553,1798308,45207513.11418224,4.706597919507047,14.011086479652509,2.976903215288886
2018-08-01,ETH,47399409.23996093,9897936,3235065,1789673,47399409.23996093,4.788817511040779,14.65176410364581,3.05957871016502
2018-09-01,ETH,59721313.01472348,8568261,2620389,1262965,59721313.01472348,6.970062304909185,22.791010424300925,3.2698431416098908
2018-10-01,ETH,52219623.35758524,8496235,2640156,1324774,52219623.35758524,6.146207509277373,19.77899160412689,3.2180806740207775
2018-11-01,ETH,89988328.92927147,8325027,2509444,1343781,89988328.92927147,10.809373822964355,35.85986733685688,3.317478692491245
2018-12-01,ETH,101443351.58890016,8336240,2669252,1409557,101443351.58890016,12.168957658236828,38.00441156882159,3.123062191205626
2019-01-01,ETH,73702157.12710838,7798949,2466777,1259500,73702157.12710838,9.450267866491803,29.877916458240197,3.161594663806254
2019-02-01,ETH,53184157.67834679,6112618,1898799,962243,53184157.67834679,8.700716726997628,28.009366804146616,3.219202243102087
2019-03-01,ETH,68697269.00728497,8166014,2640334,1451287,68697269.00728497,8.412582810571347,26.01840108383446,3.092795835678365
2019-04-01,ETH,81674340.83416097,9473840,3274372,1798627,81674340.83416097,8.621038653192471,24.943513087138836,2.893330385185312
2019-05-01,ETH,96914027.71528739,10704589,3841749,2556488,96914027.71528739,9.053502914991634,25.2265381510576,2.7863842744541616
2019-06-01,ETH,76022968.26436521,10734685,4145383,2494324,76022968.26436521,7.081993394716772,18.339190435326532,2.5895520389792694
2019-07-01,ETH,61467918.85137487,8851288,3293390,1835173,61467918.85137487,6.94451687159822,18.664026687205244,2.687591812691482
2019-08-01,ETH,56881416.901696905,8576306,3194419,1913180,56881416.901696905,6.632391253495025,17.80649842794477,2.6847780457103467
2019-09-01,ETH,57218694.3951718,7429220,2733258,1564751,57218694.3951718,7.701844122959314,20.934245649394168,2.718082230071219
2019-10-01,ETH,48176054.63655913,7055385,2808349,1695451,48176054.63655913,6.828267293217752,17.15458250970913,2.512289248950184
2019-11-01,ETH,44413556.253942095,6712459,2584807,1509038,44413556.253942095,6.616585107475829,17.182542547254823,2.5968898258167825
2019-12-01,ETH,42575178.506056614,5944001,2322470,1371552,42575178.506056614,7.162713886834241,18.331852943657665,2.559344577109715
2020-01-01,ETH,41295502.560624145,6422996,2354347,1279545,41295502.560624145,6.4293209213619535,17.540108811752958,2.728143302580291
2020-02-01,ETH,52636343.012861505,7225603,2942804,1545343,52636343.012861505,7.284699008907839,17.88645897343537,2.4553463295550775
2020-03-01,ETH,89925019.48885678,8045181,3255291,1963470,89925019.48885678,11.177501101449026,27.624264463255905,2.4714168410750377
2020-04-01,ETH,58579515.43133919,9030603,3682672,2302523,58579515.43133919,6.48677784100787,15.90679686687796,2.452187705014185
2020-05-01,ETH,59616862.54612557,10794445,4303402,2857955,59616862.54612557,5.522920589815,13.853426323203262,2.5083515321134304
2020-06-01,ETH,60073550.35838723,11272303,4552888,2880700,60073550.35838723,5.329305853328041,13.1946031526335,2.4758577412842135
2020-07-01,ETH,76433043.49426626,13859022,5064615,3131135,76433043.49426626,5.515038759175522,15.091580207827496,2.736441368198767
2020-08-01,ETH,90847007.70786767,14170273,5296255,3149425,90847007.70786767,6.411097916593961,17.15306527119024,2.6755269525353294
2020-09-01,ETH,138561541.25205553,11953640,4372313,2315944,138561541.25205553,11.591577231040548,31.690672934910086,2.733939679066892
2020-10-01,ETH,81524401.42373279,12100081,5277531,2826600,81524401.42373279,6.737508734340935,15.447450981099454,2.292754130672089
2020-11-01,ETH,95477456.74300508,12610363,5790439,3243539,95477456.74300508,7.571348798048485,16.488811425697616,2.177790492223474
2020-12-01,ETH,86432129.86924073,13740950,5917382,3396281,86432129.86924073,6.29011311948888,14.606481357674852,2.322133335316192
2021-01-01,ETH,139285640.58877766,15742468,6903716,4131602,139285640.58877766,8.847763933125204,20.17545921483121,2.2802890501289452
2021-02-01,ETH,178688017.88522843,16632251,6690934,4271576,178688017.88522843,10.74346568514559,26.705990207828748,2.485789128991558
2021-03-01,ETH,174115100.30739516,18842551,7173435,4466780,174115100.30739516,9.240526949211663,24.27220715144072,2.6267124466869776
2021-04-01,ETH,193119227.63827282,21968559,8769414,5471104,193119227.63827282,8.79070983391641,22.021907922042775,2.505134208511538
2021-05-01,ETH,151644622.26598555,25223653,9566013,5127011,151644622.26598555,6.012000809953481,15.852437401662065,2.6367989464367234
2021-06-01,ETH,80332358.68526322,17938345,7625740,3141588,80332358.68526322,4.4782480594092275,10.534368951113363,2.3523415432469506
2021-07-01,ETH,68532147.20511311,18580456,6958468,2686840,68532147.20511311,3.688399639121511,9.848740729297472,2.6701934966144845
2021-08-01,ETH,69535465.57143344,19869236,6267106,2918202,69535465.57143344,3.499654721068965,11.095307079764318,3.1704005006457527
2021-09-01,ETH,72602616.48941173,19277060,6084537,2858940,72602616.48941173,3.7662701931420934,11.932315719242355,3.1682049102503607
2021-10-01,ETH,65020974.68024543,23166395,7325297,3833062,65020974.68024543,2.8066936905912825,8.876223678063214,3.162519553814678
2021-11-01,ETH,62557670.69322611,23356451,7954778,4055789,62557670.69322611,2.6783893962839693,7.864162983960848,2.9361537179290234
2021-12-01,ETH,63522002.5141238,21598038,7696209,3662155,63522002.5141238,2.941100599699093,8.253674310835867,2.8063216578447907
2022-01-01,ETH,65676267.546498686,21452547,6504293,3114916,65676267.546498686,3.061467132387529,10.097372234999051,3.298213502989487
2022-02-01,ETH,51478260.03593681,18596111,6155440,2507878,51478260.03593681,2.768227186637938,8.363051225572308,3.021085576335729
2022-03-01,ETH,50805889.06538753,20268942,7584372,2789244,50805889.06538753,2.506588112264939,6.698760169647207,2.672461477364243
2022-04-01,ETH,47823158.7591595,18693147,6160078,2490456,47823158.7591595,2.5583257200705423,7.763401495753706,3.0345633610483502
2022-05-01,ETH,78738920.37358308,19077262,6640040,2558965,78738920.37358308,4.127370079290365,11.858199705661875,2.873064318889645
2022-06-01,ETH,83193885.4552053,16026949,5030215,2047893,83193885.4552053,5.1908747856629045,16.538832923683245,3.186135980271221
2022-07-01,ETH,65620357.20740242,19281472,7449199,2298354,65620357.20740242,3.4032856623914616,8.809048759121943,2.5883953429086803
2022-08-01,ETH,49856332.87620593,17907204,7159650,2347236,49856332.87620593,2.784149489568887,6.963515378015116,2.501128407114873
2022-09-01,ETH,78260830.71447052,16829011,6974448,2125007,78260830.71447052,4.650352341826298,11.221078817201091,2.4129523942253206
2022-10-01,ETH,43220073.3921941,15046702,5821169,2736909,43220073.3921941,2.87239511968763,7.424638142646967,2.5848248006543018
2022-11-01,ETH,75732791.02302067,14013979,5761072,2695341,75732791.02302067,5.404089090116424,13.145607453442809,2.4325297444642247
2022-12-01,ETH,38351898.338465884,14961021,6335675,2232707,38351898.338465884,2.5634546157288254,6.053324758366848,2.3613933795530864
2023-01-01,ETH,37506988.592569135,14327513,4973564,1976336,37506988.592569135,2.6178296674774706,7.541269920839288,2.880733614768001
2023-02-01,ETH,35376743.31065062,13346290,4581669,2043437,35376743.31065062,2.650679950057328,7.721366015452146,2.912975599066628
2023-03-01,ETH,51773712.03474937,16412446,5615013,2419602,51773712.03474937,3.154539672803759,9.220586316496394,2.9229577919053793
2023-04-01,ETH,41358220.39998997,15291226,5185346,2331075,41358220.39998997,2.7047027099063197,7.975980850649112,2.9489306981636325
2023-05-01,ETH,43591951.73503037,17760002,5161090,2492575,43591951.73503037,2.454501510474513,8.446268469457104,3.441133946511299
2023-06-01,ETH,44572963.5297957,16665818,6054996,2687035,44572963.5297957,2.6745139980405224,7.361353092519912,2.752407763770612
2023-07-01,ETH,31315617.012264084,16552146,5355084,2596420,31315617.012264084,1.8919369737473366,5.8478292800382,3.0909218230750444
2023-08-01,ETH,32704489.353116535,16447683,5124917,2324885,32704489.353116535,1.9883949218328523,6.381467124856175,3.2093559759114147
2023-09-01,ETH,31393392.228994254,16545235,6370992,2416095,31393392.228994254,1.897428004437184,4.927551663696055,2.596963706750848
2023-10-01,ETH,35342139.52715701,15726288,5184026,2305730,35342139.52715701,2.247328773780374,6.817508154310377,3.0336051555296986
2023-11-01,ETH,42106157.087822974,15985945,4953905,2293622,42106157.087822974,2.6339485771922133,8.499589129751776,3.2269381427379007
2023-12-01,ETH,45712674.1738184,17978213,6040761,2787005,45712674.1738184,2.5426706299351554,7.567370100194065,2.9761503558905904
2024-01-01,ETH,48332435.59696128,18161678,6433216,2974707,48332435.59696128,2.6612318309443257,7.512950847128603,2.8231102453267543
2024-02-01,ETH,43352079.23226793,17765074,6342139,2817607,43352079.23226793,2.4402982634504045,6.835561193513408,2.801117099451778
2024-03-01,ETH,53761070.548390344,21566212,8190496,3965770,53761070.548390344,2.4928378960751356,6.563835761398375,2.633077654881951
2024-04-01,ETH,41074842.91878262,20099209,7352740,3397980,41074842.91878262,2.043604945785808,5.586331478983702,2.733567214398986
2024-05-01,ETH,38108193.46129122,19662054,7222055,3551298,38108193.46129122,1.938159332757972,5.276641269180478,2.7225012825296955
2024-06-01,ETH,29716281.8993453,19261323,7290260,3264041,29716281.8993453,1.5427954714920311,4.076162153249034,2.6420625601830388
2024-07-01,ETH,42347751.93800785,19274983,6827488,2816354,42347751.93800785,2.1970318696523803,6.20253773247318,2.8231441783566664
2024-08-01,ETH,43768860.23775596,18897992,6552660,3131686,43768860.23775596,2.3160587769195775,6.679556124956272,2.884018398635058
2024-09-01,ETH,39264884.382960446,17873900,5173262,2577756,39264884.382960446,2.196772074531045,7.589966327427539,3.455054083864301
2024-10-01,ETH,45513942.91866366,19298642,5700178,2865856,45513942.91866366,2.358401327858388,7.984652921130473,3.385620940258357
2024-11-01,ETH,61699998.911956556,20476880,6653092,3224949,61699998.911956556,3.013154294597446,9.273883318005607,3.0777990143530256
2024-12-01,ETH,63270089.52851443,22009340,7764999,3607282,63270089.52851443,2.8746927226584,8.148113029829679,2.8344292124184434
2025-01-01,ETH,53565444.93731898,21667246,7363925,3739115,53565444.93731898,2.472185202370388,7.2740345586516675,2.942350173311108
2025-02-01,ETH,63861721.37666954,19692456,6721172,3240967,63861721.37666954,3.242953615164586,9.501575227753365,2.929914009044851
2025-03-01,ETH,55666264.42184893,20230536,6310422,3233656,55666264.42184893,2.7515961229029684,8.821322000628316,3.2058927279348355
2025-04-01,ETH,55377682.535901204,20253362,6430125,3370278,55377682.535901204,2.7342464197253378,8.61222488457086,3.149761785346319
2025-05-01,ETH,60221985.305583194,24090029,6585977,3508390,60221985.305583194,2.499871847625555,9.143971396435669,3.6577760596491604
2025-06-01,ETH,57414883.26966217,24197605,6802592,3864607,57414883.26966217,2.372750661466793,8.440148000888804,3.5571154348224914
2025-07-01,ETH,74800936.07212102,27385383,7880632,3857151,74800936.07212102,2.731418292456272,9.491743310957931,3.475023703682649
2025-08-01,ETH,82439631.20307691,30723216,8922392,4057506,82439631.20307691,2.6833008368354703,9.239633408067805,3.4433833438387373
2025-09-01,ETH,60583851.3898544,26338922,8129938,4135340,60583851.3898544,2.3001644254785525,7.451945068935877,3.239744509736729
2025-10-01,ETH,64194989.04375856,33064834,7887785,4240045,64194989.04375856,1.9414883209079037,8.138531798693622,4.191903557209026
2025-11-01,ETH,61897388.997120544,26515825,7052044,3737880,61897388.997120544,2.334356520950057,8.777226715704064,3.7600197900069823
2025-12-01,ETH,51920769.9809953,26466051,8014249,4138344,51920769.9809953,1.9617875738618995,6.4785571275605855,3.302374433337422
2026-01-01,ETH,53142795.18418776,38211600,12475632,8661286,53142795.18418776,1.390750326711987,4.259727698299193,3.06289893770512
2026-02-01,ETH,65934627.75804885,36484460,11119400,7613420,65934627.75804885,1.8071975783127625,5.929692947285721,3.28115365937011
2026-03-01,ETH,55350508.08752914,40247405,10132550,6510483,55350508.08752914,1.3752565684055689,5.462643469563845,3.9720904412018694
2026-04-01,ETH,44961324.67385404,40268356,9150004,4931111,44961324.67385404,1.1165423459019295,4.9138038271736315,4.400911300148065
2026-05-01,ETH,45562550.30581466,36075815,7769108,4790937,45562550.30581466,1.262966624754414,5.864579344992329,4.643495109091031
2026-06-01,ETH,55170859.45574868,37386811,7513036,4612123,55170859.45574868,1.4756770631158853,7.343350871172277,4.976258732155682
2025-03-01,USD1,215975837.3876,125,37,37,215975837.3876,1727806.6991008,5837184.79425946,3.3783783783783785
2025-04-01,USD1,7293415401.614998,120117,3312,3304,7293415401.322745,60719.26039880071,2202118.1768161226,36.26721014492754
2025-05-01,USD1,10901949839.886425,4705994,78586,77881,10901949839.521236,2316.609379340738,138726.3614369789,59.883363448960374
2025-06-01,USD1,43649595638.74321,25218178,2717665,2691593,43649595637.94781,1730.8782433825238,16061.433487476643,9.279354887375744
2025-07-01,USD1,33188897519.19104,25850065,1603135,1322659,33188897518.652607,1283.8999638357818,20702.496994445908,16.12469629819073
2025-08-01,USD1,19390940252.839645,13987891,799110,736355,19390940251.800423,1386.266182071366,24265.67087489788,17.504337325274367
2025-09-01,USD1,17570849944.665424,9007385,605020,468804,17570849943.384117,1950.7159895334903,29041.76712284788,14.887747512478926
2025-10-01,USD1,15394281057.055624,13502073,527210,445864,15394281051.620708,1140.142039790535,29199.52401710063,25.610426585231693
2025-11-01,USD1,11865980734.808605,12876566,267156,187414,11865980734.279243,921.517486438484,44415.92453401236,48.19867792600578
2025-12-01,USD1,14195262635.59118,10412014,170238,146067,14195262634.153103,1363.3541631958142,83384.80618658103,61.16151505539304
2026-01-01,USD1,27176453611.556396,30703787,443373,406974,27176453608.27613,885.1173182082109,61294.78703384373,69.25046631166083
2026-02-01,USD1,14639938013.395008,17296521,137707,109484,14639938012.298641,846.4094029255156,106312.22823382259,125.6037892046156
2026-03-01,USD1,10773377145.833542,13839640,113772,85856,10773377145.005447,778.4434526480059,94692.69368415377,121.64363815349998
2026-04-01,USD1,11011865690.401049,9611295,93819,36723,11011865689.561775,1145.7213299104621,117373.51379146067,102.44508042081029
2026-05-01,USD1,11411477220.361412,9431001,72350,40194,11411477219.95441,1209.9963959238696,157726.0154852994,130.35246717346234
2026-06-01,USD1,20575185055.173866,6820112,89163,54427,20575185053.772408,3016.8397606626413,230759.22810104938,76.49038278209571
2018-09-01,USDC,6323128.249536,173,74,74,6323128.249535,36549.87427476879,85447.6790477838,2.3378378378378377
2018-10-01,USDC,318625922.508417,1790,944,908,318625922.508416,178003.30866391954,337527.4602843401,1.896186440677966
2018-11-01,USDC,415728229.050272,16424,7601,7370,415728229.022474,25312.239955094617,54693.88620579818,2.1607683199579
2018-12-01,USDC,954203639.278228,31446,14901,13768,954203639.226494,30344.197647602046,64036.214970688416,2.1103281658949062
2019-01-01,USDC,3040370702.1796193,35770,16854,14782,3040370701.9889493,84997.78311403269,180394.60675089707,2.1223448439539574
2019-02-01,USDC,1205443591.275298,38464,17690,14832,1205443591.063555,31339.527637883606,68142.6563750875,2.174335782928208
2019-03-01,USDC,549449698.713434,45730,20289,16547,549449698.156495,12015.081962748633,27081.162142709545,2.2539307013652716
2019-04-01,USDC,1328633888.840148,62828,28066,23037,1328633888.662368,21147.1619128791,47339.624059009046,2.238580488847716
2019-05-01,USDC,1692911615.618176,105415,50781,42516,1692911612.589196,16059.494498782868,33337.5005537145,2.075874835076111
2019-06-01,USDC,1814892591.58,119825,53899,43742,1814892589.209501,15146.193108362204,33672.10136700124,2.2231395758733927
2019-07-01,USDC,2551729804.231648,122996,46464,36200,2551729803.183053,20746.445438738276,54918.42726049518,2.647124655647383
2019-08-01,USDC,2133313347.96942,106001,38894,28953,2133313347.070833,20125.407751538503,54849.42016684887,2.7253818069625133
2019-09-01,USDC,2224891632.777264,92231,37514,27268,2224891632.004884,24123.03490155028,59308.301774731146,2.4585754651596736
2019-10-01,USDC,2644888881.746746,114862,43678,31574,2644888880.69602,23026.665744075675,60554.25801883663,2.629744951691927
2019-11-01,USDC,2565497816.94496,120438,43127,31123,2565497815.473734,21301.398358273418,59487.04563139009,2.7926357038514156
2019-12-01,USDC,2374022912.7248807,111478,41965,30310,2374022911.302897,21295.88718225028,56571.49797986133,2.6564518050756583
2020-01-01,USDC,3405731553.014237,149105,53215,39110,3405731551.2374253,22841.162611833442,63999.465432946294,2.8019355444893357
2020-02-01,USDC,3100613345.269172,218509,70915,52136,3100613342.8020797,14189.86560188404,43722.954879350946,3.081280406120003
2020-03-01,USDC,6402134190.227404,382481,93933,73127,6402134184.080172,16738.437161794107,68156.39008897197,4.071849083921519
2020-04-01,USDC,4067174104.634311,320676,93019,70288,4067174094.441527,12683.125941578188,43724.1220034005,3.4474247196809253
2020-05-01,USDC,4128318780.8213954,329001,113918,88032,4128318771.3970437,12548.043232078455,36239.38956812264,2.8880510542671045
2020-06-01,USDC,7571920339.364299,405282,127609,92876,7571920323.247477,18683.090596788104,59336.88328694919,3.175967212343957
2020-07-01,USDC,18135601324.26012,597663,159447,118073,18135601309.149757,30344.192812922596,113740.6243093951,3.7483489811661554
2020-08-01,USDC,24483427217.67193,733053,217280,145251,24483427206.26019,33399.259270830604,112681.45810784209,3.3737711708394698
2020-09-01,USDC,51770797585.02242,956956,198348,147029,51770797574.35055,54099.45449357185,261009.92994646996,4.8246314558251155
2020-10-01,USDC,47704645185.85346,1166546,404826,341026,47704645181.20163,40893.925469892856,117839.87487427553,2.881598513929441
2020-11-01,USDC,35939031126.251625,1601290,727315,637157,35939031122.19095,22443.799138314076,49413.295650786284,2.201645779339076
2020-12-01,USDC,44178800766.067,1469700,475529,382136,44178800760.94942,30059.74060076847,92904.53529872416,3.090663240307111
2021-01-01,USDC,92378007907.17612,1621357,433312,324040,92378007903.9514,56975.735697907,213190.5137803156,3.741777287497231
2021-02-01,USDC,187762537143.04626,1809750,529037,405716,187762537140.46332,103750.53854977943,354913.8097014883,3.4208382400474826
2021-03-01,USDC,309030334520.0918,2088933,593195,451637,309030334517.1417,147936.92977091257,520959.10201551224,3.52149461812726
2021-04-01,USDC,482706937090.6279,2861000,853883,650272,482706937088.57556,168719.65644480096,565308.0540198457,3.350576132795711
2021-05-01,USDC,297864481231.9149,3119928,721993,478209,297864481229.3487,95471.58819990355,412558.68302312476,4.321271812884612
2021-06-01,USDC,205385682199.44427,3290965,651177,399706,205385682196.1879,62408.953664407825,315406.84360695217,5.053871681585806
2021-07-01,USDC,180691322950.09717,3103076,609116,387091,180691322946.81595,58229.74459755931,296645.17587798904,5.09439252950177
2021-08-01,USDC,180285799210.29495,3020680,610886,356413,180285799207.5685,59683.845759090174,295121.838133948,4.944752376057071
2021-09-01,USDC,198207281694.71176,3319846,711163,430610,198207281692.04016,59703.75785263538,278708.65286117495,4.668192805306238
2021-10-01,USDC,205993720215.2758,3347048,753170,453418,205993720211.39645,61544.89574436831,273502.29060540884,4.443947581555293
2021-11-01,USDC,224986798358.91077,3633984,795794,487198,224986798355.88074,61911.8846852052,282719.8978113818,4.566488312301927
2021-12-01,USDC,230794319106.3691,3494680,804226,449732,230794319103.6868,66041.61728790241,286976.94318060984,4.345395448543071
2022-01-01,USDC,244824526032.5522,3197934,700325,387450,244824526029.716,76557.09155652243,349587.01464684564,4.56635704851319
2022-02-01,USDC,192340936900.26862,2416190,560512,293613,192340936897.084,79605.05460956466,343152.2195782938,4.310683803379767
2022-03-01,USDC,258259168305.11066,3044571,673043,330626,258259168300.4877,84826.12765492666,383718.6751888225,4.523590617538552
2022-04-01,USDC,221226986576.72177,3033972,589787,297368,221226986572.81088,72916.62104093606,375096.41035953956,5.144182560822806
2022-05-01,USDC,420883096776.955,5340722,875722,472329,420883096772.4867,78806.40422259139,480612.6793399675,6.098650028205298
2022-06-01,USDC,362428384550.71875,5036525,821191,385857,362428384545.5941,71960.00904305927,441344.80839502474,6.133195565952379
2022-07-01,USDC,356731723285.81085,3892554,680325,297239,356731723278.1125,91644.64340844404,524354.8646394162,5.721609524859442
2022-08-01,USDC,428525092506.0412,3483997,635465,254992,428525092495.9726,122998.12327506958,674348.8508510165,5.482594635424453
2022-09-01,USDC,376376176345.2454,3200973,601353,246676,376376176335.6644,117581.80288795452,625882.2627395979,5.322951743817691
2022-10-01,USDC,299793327480.6767,2761057,530603,208818,299793327471.80707,108579.18814128323,565004.9613000241,5.203621163091803
2022-11-01,USDC,555635127603.1255,3947200,853519,330855,555635127586.4907,140766.90504319282,650993.2732641282,4.624618784116112
2022-12-01,USDC,441150886265.8667,2935072,809543,470801,441150886244.40283,150303.25874268258,544938.1765587087,3.6255912286314627
2023-01-01,USDC,465875943079.50757,3729054,938134,537612,465875943067.93097,124931.40165520021,496598.5062683024,3.9749694606527424
2023-02-01,USDC,290881279524.02686,3647039,936229,565364,290881279514.5026,79758.20371389027,310694.5838294123,3.8954561330614625
2023-03-01,USDC,430949485132.9246,4608794,1037836,535894,430949485120.85297,93505.91176799244,415238.5204723334,4.440772915952039
2023-04-01,USDC,158765784620.04593,3018404,652757,344375,158765784614.82578,52599.24934330387,243223.4118056887,4.6240852262020935
2023-05-01,USDC,115748075787.22174,3177013,686375,382308,115748075785.01851,36432.98777342696,168636.7886173327,4.628684028410126
2023-06-01,USDC,181141848046.56335,3817948,860016,476166,181141848040.7303,47444.81801238003,210626.13724228778,4.439391825268367
2023-07-01,USDC,143136677378.57306,3666684,895257,517478,143136677374.5904,39037.09110863941,159883.33783324013,4.0956775540431405
2023-08-01,USDC,155102697209.86536,3151388,694084,357247,155102697203.76614,49217.26464775716,223463.87066963848,4.540355346038808
2023-09-01,USDC,124755815045.67128,2857419,588464,284166,124755815037.97585,43660.31549379907,212002.4590215736,4.855724394355475
2023-10-01,USDC,152586183688.2942,3550746,680494,334367,152586183677.38998,42972.99318999162,224228.5511529774,5.217894647124001
2023-11-01,USDC,146770886014.32816,4070868,669480,336916,146770886008.6843,36053.95360613125,219231.17346945114,6.080641692059509
2023-12-01,USDC,149670630587.08673,4777895,787295,399905,149670630580.37134,31325.64248070988,190107.43188650598,6.068748055049251
2024-01-01,USDC,190816335904.1174,4788060,824039,445559,190816335894.7145,39852.53649593249,231562.26332020378,5.810477416724209
2024-02-01,USDC,169201485064.15298,3715554,720034,362313,169201485058.64365,45538.69626404128,234990.96579349446,5.160247988289442
2024-03-01,USDC,285952671372.117,5441244,942018,518728,285952671366.6285,52552.811703836196,303553.29873963876,5.776157143494073
2024-04-01,USDC,281703514349.428,6621561,904247,489613,281703514339.3995,42543.36920544861,311533.8113916087,7.322734827983947
2024-05-01,USDC,238217837446.7799,5923756,939034,543914,238217837430.38293,40213.9854224892,253683.93204801946,6.3083509223308205
2024-06-01,USDC,204343000745.55783,4698616,840579,427076,204343000729.1747,43490.040626681286,243097.91315933163,5.589737549950689
2024-07-01,USDC,233211830300.04755,5136343,903077,501874,233211830281.18994,45404.25557272751,258241.3573815384,5.687602496797061
2024-08-01,USDC,259243681750.74738,5112318,811717,428509,259243681659.5333,50709.61580628069,319376.9278587825,6.298153174074216
2024-09-01,USDC,207569918887.63583,4631752,873706,506505,207569918847.69678,44814.55804362945,237574.10260160264,5.301270679152942
2024-10-01,USDC,245797023901.43372,6086345,848849,464787,245797023884.50992,40384.99688803541,289565.07447312033,7.170115061689417
2024-11-01,USDC,371766049247.49457,7163759,1019617,520534,371766049227.5973,51895.387495251765,364613.42763752915,7.025931305578467
2024-12-01,USDC,394162654747.9903,7581284,1245287,714576,394162654720.9303,51991.54321628504,316523.5441693283,6.087981324786977
2025-01-01,USDC,455059400256.1635,8701350,1497161,941904,455059400207.0357,52297.563045623465,303948.2061422676,5.811899989379899
2025-02-01,USDC,497899661835.957,10218768,1385118,778680,497899661722.2415,48724.040091940784,359463.71488635405,7.377543285120835
2025-03-01,USDC,580082099062.6423,11299999,1514519,862012,580082098898.8357,51334.7035604902,383014.0784385289,7.461114056674099
2025-04-01,USDC,624096659962.9963,11505085,1686111,977075,624096659713.0494,54245.288905996735,370139.723875235,6.82344460121546
2025-05-01,USDC,622436719992.4241,54917660,2015099,1252189,622436719110.2542,11333.999283841558,308886.4219536728,27.253082851016252
2025-06-01,USDC,582027757119.6904,51786583,2081981,1240873,582027756258.5349,11238.968136950354,279554.7880214519,24.87370585994781
2025-07-01,USDC,743328243138.2083,36315475,2302928,1388990,743328242264.7241,20468.63609149334,322775.28569638665,15.769262000375175
2025-08-01,USDC,1096628164049.9237,38979463,2541674,1503656,1096628162599.0941,28133.485640864117,431459.01640018495,15.33613791540536
2025-09-01,USDC,1057195970181.2473,56946949,2726378,1577200,1057195969021.6235,18564.576111384362,387765.73541205487,20.88740042649992
2025-10-01,USDC,1633215959535.4678,84705047,3247122,1867465,1633215958825.4265,19281.21188369598,502973.3898312006,26.086191710690265
2025-11-01,USDC,1418269856458.1897,56775826,3349636,1784222,1418269855193.13,24980.171229796462,423410.1426119703,16.94984947618189
2025-12-01,USDC,1632315240282.0217,46279495,3544189,2257254,1632315233811.531,35270.80910912124,460561.00289291056,13.057851880923957
2026-01-01,USDC,1573937368219.7202,50804661,4296168,2894258,1573937361045.9448,30980.176426055572,366358.43109946355,11.825575955130246
2026-02-01,USDC,1691352002184.1086,40319330,4185080,2973908,1691351998634.3726,41948.91131956738,404138.511613663,9.63406434285605
2026-03-01,USDC,1842596204463.4995,44759716,4242271,2864718,1842596198767.468,41166.396113135925,434341.93724622956,10.550885598774807
2026-04-01,USDC,1166646018462.286,39066810,3210975,1915200,1166646013833.6963,29862.84300749655,363330.76977001876,12.166650316492655
2026-05-01,USDC,964192309639.647,45618537,3437680,2212069,964192303493.1277,21135.976006708144,280477.6214306297,13.270152253845616
2026-06-01,USDC,1621212062223.3672,45868748,3787249,2421282,1621212054937.8352,35344.58919475708,428071.1572498579,12.111363155683717
2023-11-01,USDE,351194.91977636394,45,15,15,351194.91567470494,7804.331459437888,23412.994651757595,3.0
2023-12-01,USDE,110202114.0336926,476,154,140,110202114.03369059,231517.04628926594,715598.143075926,3.090909090909091
2024-01-01,USDE,113330147.17014164,1030,302,236,113330147.17014162,110029.26909722488,375265.38798060146,3.410596026490066
2024-02-01,USDE,1962752876.102795,85717,26670,26390,1962752876.0278056,22898.05844847353,73594.03359965485,3.2139857517810273
2024-03-01,USDE,5215652008.968188,75526,23033,15886,5215652008.769823,69057.70209953954,226442.58277116262,3.2790344288629356
2024-04-01,USDE,13137708361.666327,149761,32919,13702,13137708361.082108,87724.49677207088,399091.96396203793,4.54937877821319
2024-05-01,USDE,7131924939.034631,69251,13042,4754,7131924938.766686,102986.59858726498,546842.8875199073,5.309845115779789
2024-06-01,USDE,10493279333.438433,58925,10588,4657,10493279333.127943,178078.5631417555,991053.9604683068,5.565262561390253
2024-07-01,USDE,5649750427.908238,51776,10551,3668,5649750427.208873,109119.0981769328,535470.6120659879,4.907212586484693
2024-08-01,USDE,6819742301.311208,52163,10486,4041,6819742299.796606,130739.07366901072,650366.4220209048,4.974537478542819
2024-09-01,USDE,3295682078.5844874,33964,8357,2232,3295682077.79336,97034.56830153575,394361.861742789,4.064137848510231
2024-10-01,USDE,5134994481.92614,42269,12078,3466,5134994480.408491,121483.69917453668,425152.71418497595,3.4996688193409504
2024-11-01,USDE,9918902420.091137,51617,9479,3588,9918902416.88559,192163.48135082607,1046408.1042400186,5.445405633505644
2024-12-01,USDE,10741023515.194908,60722,13957,6220,10741023512.979343,176888.50026315576,769579.6743709184,4.350648420147596
2025-01-01,USDE,7994018387.800959,53135,11568,4799,7994018385.596733,150447.32070380604,691045.849567856,4.593274550484094
2025-02-01,USDE,11244759508.438677,119156,24639,16415,11244759504.631691,94370.06533142847,456380.51497376827,4.8360728925686916
2025-03-01,USDE,12065775534.313868,135916,19927,9002,12065775529.011086,88773.76857037497,605498.8475091016,6.820695538716315
2025-04-01,USDE,9839961717.188269,115612,14693,6107,9839961715.708748,85111.94093786759,669704.0575231926,7.868508813720819
2025-05-01,USDE,13491966117.231321,119766,14371,5187,13491966115.882673,112652.7237770542,938832.7964116151,8.33386681511377
2025-06-01,USDE,39466401600.88244,91315,10209,4146,39466401599.64033,432200.6417307159,3865844.0200688057,8.94455872269566
2025-07-01,USDE,57410015158.82331,141309,13975,6416,57410015156.527374,406272.88535427593,4108051.174155514,10.111556350626119
2025-08-01,USDE,58347439729.675575,260930,19613,9397,58347439725.67467,223613.38184829138,2974937.0177777787,13.303931066129607
2025-09-01,USDE,69232080469.93877,272675,24471,13862,69232080465.43669,253899.6258015465,2829147.9902716996,11.142781251277022
2025-10-01,USDE,52996850968.53052,274950,26690,12395,52996850963.30841,192750.86729699367,1985644.4724065387,10.30161109029599
2025-11-01,USDE,22064185928.57814,173916,18424,5256,22064185922.375465,126866.91231614955,1197578.4807087572,9.439643942683457
2025-12-01,USDE,14207507162.592758,153979,16006,6834,14207507158.006699,92269.12214007559,887636.3340367835,9.620079970011245
2026-01-01,USDE,14515423840.897999,205383,22879,13521,14515423826.49162,70674.90408890521,634443.1068183924,8.976922068272215
2026-02-01,USDE,11761292591.539753,192322,15806,8049,11761292583.89721,61154.171565900986,744103.0362862048,12.167657851448817
2026-03-01,USDE,7918634734.763644,210103,14212,5992,7918634725.923653,37689.298705509456,557179.4775375489,14.783492822966506
2026-04-01,USDE,23586639245.904713,243289,12164,4748,23586639230.725727,96949.05742029326,1939052.8811167965,20.000739888194673
2026-05-01,USDE,11994114083.625704,207280,10192,3347,11994114070.255665,57864.30948598835,1176816.530967985,20.33751962323391
2026-06-01,USDE,7876309156.28488,200836,9060,3358,7876309142.300647,39217.61607630428,869349.7964994349,22.167328918322294
2017-12-01,USDT,2561.485843,23,9,9,2561.485837,111.36894943478262,284.6095381111111,2.5555555555555554
2018-01-01,USDT,206659192.735485,396,126,122,206659192.735485,521866.6483219318,1640152.3232975,3.142857142857143
2018-02-01,USDT,88876953.234792,1114,382,357,88876953.234792,79781.8251658815,232662.18124291097,2.9162303664921465
2018-03-01,USDT,78397650.20188,1286,336,256,78397650.20188,60962.402956360806,233326.3398865476,3.8273809523809526
2018-04-01,USDT,107763476.576139,2267,798,707,107763476.572963,47535.71970576224,135041.9505966654,2.8408521303258145
2018-05-01,USDT,84966600.51364,2725,1045,824,84966600.51054001,31180.4038570789,81307.75168769379,2.6076555023923444
2018-06-01,USDT,113171007.014917,2659,1407,1052,113171007.014817,42561.49191982587,80434.26227072992,1.8898365316275765
2018-07-01,USDT,129802855.586031,4475,1909,1339,129802855.585031,29006.22471173877,67995.20984077056,2.3441592456783655
2018-08-01,USDT,47906041.310113,2582,937,650,47906041.306113,18553.850234745543,51127.0451548698,2.7556029882604056
2018-09-01,USDT,50103026.340524,4161,1447,1125,50103026.277835004,12041.102205680127,34625.45013166828,2.8756046993780235
2018-10-01,USDT,94927122.225422,3035,1129,717,94927122.205487,31277.470248924878,84080.71056281842,2.688219663418955
2018-11-01,USDT,53751342.399292,3539,1347,855,53751342.380857,15188.285498970612,39904.48581981588,2.62731997030438
2018-12-01,USDT,259376640.214202,9202,1669,1289,259376640.18080902,28186.985457597155,155408.41235122946,5.513481126423008
2019-01-01,USDT,34400947.820073,3778,1203,776,34400947.808783,9105.597620111965,28595.966600226933,3.1404821280133
2019-02-01,USDT,122565014.086011,3164,1125,632,122565014.010595,38737.36220309576,108946.67918756534,2.8124444444444445
2019-03-01,USDT,193705372.181078,10003,2556,2016,193705372.06739,19364.727788402477,75784.57440574256,3.9135367762128324
2019-04-01,USDT,2618770610.937821,52294,12770,11532,2618770610.8999,50077.84087849275,205072.09169442608,4.095066562255286
2019-05-01,USDT,3920990350.118975,118608,34325,30349,3920990350.006955,33058.396988457396,114231.32848125201,3.4554406409322653
2019-06-01,USDT,6079481794.588765,386551,102350,91256,6079481794.450548,15727.502436807945,59398.94279031525,3.7767562286272596
2019-07-01,USDT,13639741150.759392,893722,253211,222259,13639741150.435284,15261.726969275998,53867.09562680686,3.529554403244725
2019-08-01,USDT,15311178006.815672,2180926,509608,415289,15311178005.61164,7020.494049597117,30045.011080704524,4.279614919702987
2019-09-01,USDT,19777031630.9018,3812747,660095,402964,19777031629.708244,5187.0820774911745,29960.88688885963,5.776057991652717
2019-10-01,USDT,23188898152.606194,2420602,565552,371478,23188898149.936474,9579.806242387833,41002.238790785275,4.280069737177129
2019-11-01,USDT,22778552037.451965,2625152,553376,350771,22778552034.79315,8677.04119029799,41162.883893504535,4.743884808882207
2019-12-01,USDT,20007013677.72036,2255705,539855,357726,20007013674.865517,8869.516924804226,37059.97661912988,4.178353446758852
2020-01-01,USDT,17699149246.57437,1933444,473411,256557,17699149245.040894,9154.208368611087,37386.434296149375,4.084070712340862
2020-02-01,USDT,22540643553.534946,2612089,616518,363102,22540643549.203655,8629.35510589557,36561.209167510024,4.23684142231046
2020-03-01,USDT,34885098606.95193,3509073,903753,587396,34885098593.85584,9941.400077415272,38600.2576001982,3.8827788123524902
2020-04-01,USDT,33678053963.909523,4309133,1157844,789019,33678053960.48653,7815.505801395902,29086.86659334895,3.7216870321044975
2020-05-01,USDT,38102283435.820435,5432491,1514219,1033478,38102283431.59251,7013.777552800825,25162.993883857245,3.587652116371542
2020-06-01,USDT,46951016399.52247,6802449,1987765,1006067,46951016395.6305,6902.075472470356,23620.003571610563,3.4221595611151217
2020-07-01,USDT,59445616760.63376,6827980,1584635,968989,59445616756.5089,8706.179097845761,37513.75979997524,4.308866079570374
2020-08-01,USDT,78603413566.45657,7124727,1787342,1068078,78603413563.4777,11032.480762207128,43977.82493023527,3.9862136065733362
2020-09-01,USDT,105291928821.09563,6187604,1515588,870004,105291928808.81212,17016.591366999586,69472.65933822095,4.082642512345044
2020-10-01,USDT,92646770833.42357,7614357,1600647,789231,92646770829.02502,12167.379442417137,57880.826211790336,4.757049493111223
2020-11-01,USDT,95892881651.86935,7242928,1576234,907076,95892881647.98366,13239.518831056123,60836.70422784267,4.595084232417268
2020-12-01,USDT,116980789178.2328,7074422,1564143,910095,116980789173.16156,16535.73806781127,74789.06287867081,4.522874187334534
2021-01-01,USDT,176170947488.14362,6992430,1506453,819348,176170947483.66428,25194.524290363188,116944.20435827976,4.641651614753331
2021-02-01,USDT,309798351970.09546,6383301,1354881,804919,309798351967.917,48532.62472941774,228653.5511016063,4.711337010409032
2021-03-01,USDT,681641490427.9448,7377878,1493921,914065,681641490425.5767,92389.9108152204,456276.7980555497,4.938599832253513
2021-04-01,USDT,1609673699394.08,12533488,2074006,1366987,1609673699390.4148,128429.82730668547,776118.1497999909,6.043130058447275
2021-05-01,USDT,468743469581.0871,17075925,2747606,1768911,468743469577.07214,27450.54628531527,170600.6864088545,6.214837571325728
2021-06-01,USDT,242738534423.9829,13109110,2166012,1111581,242738534418.8019,18516.78217810377,112067.03121865571,6.052187153164433
2021-07-01,USDT,214003910194.37524,11620099,1917068,1057497,214003910189.42456,18416.702834409978,111630.83948737095,6.061391145228026
2021-08-01,USDT,284018775439.91284,14685616,2317655,1337332,284018775437.2865,19339.929318408333,122545.75225385696,6.336411588437451
2021-09-01,USDT,264432175024.5832,15205043,2507459,1394864,264432175022.23364,17391.083670216103,105458.22485017031,6.063924873746689
2021-10-01,USDT,269757867954.9833,19149413,3122854,1783021,269757867951.82776,14087.004544307847,86381.83788130451,6.132023142932715
2021-11-01,USDT,372654274171.55347,25599374,4031358,2323338,372654274169.9407,14557.163552903312,92438.89383467146,6.350062187481241
2021-12-01,USDT,416252276678.019,21344179,3545443,1748996,416252276675.6392,19501.910880509353,117404.87061222504,6.020172655434032
2022-01-01,USDT,252067295933.66287,17925498,2962990,1460213,252067295932.30484,14061.941036857377,85071.93609619435,6.049800370571618
2022-02-01,USDT,182690303133.1891,18656977,2743427,1329641,182690303131.84247,9792.063480157716,66592.00450137332,6.800609967022997
2022-03-01,USDT,212941593807.3896,21288050,3624004,1842155,212941593804.68115,10002.869863828822,58758.65308299593,5.874179498698125
2022-04-01,USDT,197900683255.54437,23092508,3393924,1592414,197900683253.73706,8569.908615111752,58310.28722373994,6.804073397047194
2022-05-01,USDT,281601665618.65533,24825018,3693704,1667541,281601665616.7083,11343.462696248935,76238.28699285469,6.720900754364725
2022-06-01,USDT,192125567861.8234,23506350,3476051,1668818,192125567859.6928,8173.347536290951,55271.216636874255,6.762372013529146
2022-07-01,USDT,119796149475.91699,26716665,3787953,1693643,119796149468.68813,4483.9484819189865,31625.563853595067,7.053061376421513
2022-08-01,USDT,116125136279.77061,24352456,3471865,1383945,116125136275.58847,4768.518472041936,33447.48032534981,7.014228951874569
2022-09-01,USDT,115869657150.68457,22809645,3965048,1798840,115869657145.01813,5079.853594609566,29222.762788920732,5.752678151689462
2022-10-01,USDT,116766880478.36353,21190894,3682295,1674390,116766880469.9349,5510.238523676014,31710.35467782009,5.754806173867113
2022-11-01,USDT,218622950729.32077,26217639,4540163,2208594,218622950714.64685,8338.773400405997,48153.10611740609,5.774603026367115
2022-12-01,USDT,137960021900.8966,28722804,6665238,3805138,137960021873.33014,4803.152988591578,20698.438960603748,4.30934409243901
2023-01-01,USDT,152921642849.9135,35733025,5948777,3837096,152921642841.97394,4279.560514173483,25706.400298735945,6.006785092129021
2023-02-01,USDT,135775363185.46648,54754642,8440024,6005091,135775363178.52248,2479.705066440257,16087.082594251684,6.487498376781867
2023-03-01,USDT,252885093540.59894,52042186,11086125,7865233,252885093533.16403,4859.232729639067,22810.954552704297,4.694353166683579
2023-04-01,USDT,155735585246.43204,51004018,11286703,7919959,155735585240.1611,3053.3983663828426,13798.146832288583,4.518947472968856
2023-05-01,USDT,163219314085.31647,61704588,11634478,7908910,163219314081.89075,2645.1730636608536,14028.93314898326,5.3035974626450795
2023-06-01,USDT,171647398572.82196,47219227,8653427,5180580,171647398566.18893,3635.1166563185993,19835.771258349087,5.456708307587271
2023-07-01,USDT,134503013264.64355,53205720,10230402,6726079,134503013259.54764,2527.980323535658,13147.382992832887,5.200745777145414
2023-08-01,USDT,148156368318.21732,52434564,10917916,6752250,148156368312.7569,2825.547825910346,13570.022733112923,4.802616543303685
2023-09-01,USDT,118133166211.61143,49392058,8981136,5290637,118133166200.45534,2391.744158553898,13153.477044731471,5.499533466590418
2023-10-01,USDT,139204579484.25388,45394569,7999395,4487831,139204579472.67917,3066.547001970195,17401.88845334602,5.674750277989773
2023-11-01,USDT,165713220311.92758,47785498,8307201,4670450,165713220306.12866,3467.8558818436645,19948.141415132195,5.752298277121259
2023-12-01,USDT,196287608330.6467,46144845,8122514,4389527,196287608324.69034,4253.727763625392,24165.86888377745,5.681103781415458
2024-01-01,USDT,209494957437.44238,44711163,7556173,4135069,209494957428.4857,4685.517964014617,27725.008074516343,5.9171703718271145
2024-02-01,USDT,197775113762.2074,37406412,6426277,3183141,197775113756.37378,5287.198188277822,30776.0019934104,5.820852727014413
2024-03-01,USDT,337654678219.3363,62706371,9147990,4685254,337654678214.2057,5384.694933377754,36910.25878027155,6.854661078553868
2024-04-01,USDT,284592749128.4426,66773345,8481138,4408333,284592749117.8877,4262.0711770226235,33555.96255224742,7.873158649228441
2024-05-01,USDT,238661328041.65994,74649605,9556076,5685543,238661328022.1072,3197.0876205186514,24974.825235971326,7.811742497652802
2024-06-01,USDT,211298338182.58942,117194576,11384686,6935309,211298338166.8906,1802.9702856460747,18559.87404330602,10.294054311203665
2024-07-01,USDT,237045262787.39795,102035679,9688736,5089212,237045262764.7846,2323.160536470626,24466.066862323212,10.531371584487388
2024-08-01,USDT,260414448886.77197,103892164,8586317,4128334,260414448608.6039,2506.584121287568,30329.00472772808,12.099735427890678
2024-09-01,USDT,200337381910.34625,84420993,9113028,4951513,200337381826.60486,2373.0754011221456,21983.624094027393,9.263769737127989
2024-10-01,USDT,248165927677.8949,72000737,9453112,5089779,248165927659.87988,3446.7137143315613,26252.299526113187,7.616617363678754
2024-11-01,USDT,459763030000.1932,72781100,10933943,5981485,459763029982.44196,6317.066243605029,42049.15189334654,6.6564367493044365
2024-12-01,USDT,481002797112.9289,80765586,13062168,7723826,481002797095.837,5955.541474011431,36824.11657183776,6.183168521488929
2025-01-01,USDT,401668729986.7775,77423418,12909452,7522336,401668729938.0979,5187.948818509897,31114.312984530832,5.99742095946443
2025-02-01,USDT,411339179814.56445,74758422,12808878,7409447,411339179701.1201,5502.245348371855,32113.59963101877,5.836453591017105
2025-03-01,USDT,367142703686.59674,94058166,16799077,10472073,367142703491.07745,3903.35809323645,21854.9330827281,5.599007969306885
2025-04-01,USDT,368505236474.4807,82508818,12618331,6796027,368505236118.1886,4466.252760016373,29203.960212684284,6.538805964116808
2025-05-01,USDT,582876872012.3132,282827270,16512122,10350187,582876870688.8356,2060.893458713637,35299.93734374741,17.128462955881744
2025-06-01,USDT,869197297179.8308,470342856,17992719,11382359,869197295762.4924,1848.0078620828301,48308.27943124276,26.140732593000536
2025-07-01,USDT,880329881867.8407,405901674,21545908,13210850,880329880535.9954,2168.8254494264424,40858.33290793967,18.838921710795386
2025-08-01,USDT,823275813785.9602,288530381,20067054,11787521,823275811374.8523,2853.3418509396147,41026.242007718734,14.378312880405863
2025-09-01,USDT,981307923551.505,341581044,19635156,10890958,981307921568.3859,2872.840688338624,49977.088216233424,17.396400823095064
2025-10-01,USDT,1497139495975.56,455923111,22440310,12720724,1497139494483.7754,3283.7543400684845,66716.52468150217,20.317148515327997
2025-11-01,USDT,1309826712208.7568,369015089,21312916,11879839,1309826709767.6602,3549.520734550939,61456.94527247031,17.31415302345301
2025-12-01,USDT,819143689022.0513,344824056,24468699,14800157,819143675131.9207,2375.5409777208833,33477.20649234564,14.092455671631745
2026-01-01,USDT,910156247166.5818,348866516,23559019,13972382,910156232238.9065,2608.8953525104325,38633.028275353136,14.808193668845039
2026-02-01,USDT,932615894432.7803,299282315,21926025,13015470,932615887399.7712,3116.174396738983,42534.65434034579,13.649638500366574
2026-03-01,USDT,1238830233003.1372,344633814,25485707,15001405,1238830222993.9473,3594.6276095645894,48608.82348695044,13.522631096716289
2026-04-01,USDT,787861802609.9854,328035397,25186205,13783267,787861794429.8398,2401.758473735198,31281.481374823456,13.024407488146785
2026-05-01,USDT,737613813909.5537,353931697,26509983,16031173,737613804200.5126,2084.0569252561536,27824.001769807008,13.350883589778235
2026-06-01,USDT,861610632492.7542,406721405,27042621,16107465,861610619158.876,2118.4294914571215,31861.210216744676,15.040014242702288
