symbol,funded_by_address,newly_funded_addresses,funded_volume,rank
USDT,0xa180fe01b906a1be37be6c534a3300785b20d947,7130872,4359865049.317359,1
USDT,0xeb2d2f1b8c558a40207669291fda468e50c8a0bb,6629141,3898589170.983499,2
USDT,0x8894e0a0c962cb723c1976a4421c95949be2d4e3,6032964,4099018937.19174,3
USDT,0xe2fc31f816a9b94326492132018c3aecc4a93ae1,5810294,3604103482.5552845,4
USDT,0x161ba15a5f335c9f06bb5bbb0a9ce14076fbb645,4784109,2298873369.220419,5
USDT,0x515b72ed8a97f42c568d6a143232775018f133c8,4602783,2117885229.2675672,6
USDT,0xbd612a3f30dca67bf60a39fd0d35e39b7ab80774,4587812,2195101331.0926356,7
USDT,0x5afe0cfe5034ee1379d46acdab55f9d26f8d8425,3151300,102.93118700886723,8
USDT,0xf89d7b9c864f589bbf53a82105107622b35eaa40,3003076,1479927192.3971,9
USDT,0xb8269b7e72904d51b3bd7066857771c4779ef1b9,1918661,624.5468367610318,10
USDT,0x16b9a82891338f9ba80e2d6970fdda79d1eb0dae,1684531,1147202477.9101791,11
USDT,0x21298fffb0ccbd25e9f418caec7ecc2e8aeea099,1612457,7284.063833340093,12
USDT,0xde6e2fa9e8dda7eb498692e48064532bc54671ec,1510924,1136.7044997000016,13
USDT,0x30a294ce69b922d3d7e4751678f87c48e5396f4f,1470012,147.0012,14
USDT,0xf32b7c76a0e6c9929c68d69aa0acddd67b2ec0d1,1460029,612.6104926414694,15
USDT,0x8d5f7156eb384902b71ae991c563bb9ee47e0d68,1370112,404.740366,16
USDT,0x9496a20eb12c6c7500468d6efcc2457043f9f7dc,1349219,106.91976,17
USDT,0xba07271cdad915a04944866fe81a5a5824467548,1343444,421938913.92659503,18
USDT,0x1ab4973a48dc892cd9971ece8e01dcc7688f8f23,1223302,747336853.4911553,19
USDT,0x0d0707963952f2fba59dd06f2b425ace40b492fe,1218611,1459765672.8004591,20
USDT,0xc66540a3528f0b5ece54576ee0ca52e73947a514,1193516,59.032995,21
USDT,0x9bb6a22da110c6c9bab745bcaf0ee142ee83af37,1167500,527617994.5519972,22
USDT,0xecc3657b8dbacd5afff96d07eeac3d2208b71813,1154437,63.50322524167364,23
USDT,0xfa500178de024bf43cfa69b7e636a28ab68f2741,1082780,217350009.08575737,24
USDT,0x1093880d58e747e602646f9ead0783b1c94f4f25,1051807,92.050374,25
USDT,0x3b5b12f6c6aef155d04d5e286e07cecad8366003,1041286,154.77528506655,26
USDT,0xef3aeff9a5f61c6dda33069c58c1434006e13b20,987600,632727949.1064,27
USDT,0xae853029faefaf639667c0426d71c7c545282acf,953738,195.29540000000003,28
USDT,0xc590175e458b83680867afd273527ff58f74c02b,867117,261701888.13839886,29
USDT,0x1f5eb15444a88081955ec756cb2e99d66eefb02f,841340,24.524577,30
USDT,0x4982085c9e2f89f2ecb8131eca71afad896e89cb,832019,697739295.4101906,31
USDT,0x97b9d2102a9a65a26e1ee82d59e42d1b73b68689,780082,462796615.32736504,32
USDT,0x7354abb551e41bbd9fb32e2e79f44631349119b8,773360,328762192.39758563,33
USDT,0x9aa83081aa06af7208dcc7a4cb72c94d057d2cda,768071,631418198.312466,34
USDT,0x172fcd41e0913e95784454622d1c3724f546f849,745995,385644493.67217064,35
USDT,0xd152f549545093347a162dce210e7293f1452150,699700,58709796.384962015,36
USDT,0x0639556f03714a74a5feeaf5736a4a64ff70d206,672366,348484288.16093975,37
USDT,0x32e3e876aa0c1732ed9efcf9d8615de7afaef59f,646814,165170891.27927348,38
USDT,0x065ac3d33fec104fba9f2f4d674afaa7c4ebcf43,635973,198521756.51230222,39
USDT,0xbcf6011192399df75a96b0a4ce47c4820853e9e5,578240,286915617.3926781,40
USDT,0xb300000b72deaeb607a12d5f54773d1c19c7028d,551683,135417762.87714067,41
USDT,0xf23b819a3cc63b7b9e031af87386060b131a6128,536191,2894745.1001040004,42
USDT,0x864a7fa57e0f8902a2de4892e925f1272edbe3fa,530357,270559226.5635943,43
USDT,0x1084203d70950bd7a93aef75eb32a51df2422a07,520121,273591953.0982299,44
USDT,0xe0f0aa98b4a4d305ac4a04d830c96a158bda9cd8,517347,202243653.1271,45
USDT,0x827bbc2ae714686ba35ea2adea387bfcb863acb7,493137,95.06883824713417,46
USDT,0x5bdf85216ec1e38d6458c870992a69e38e03f7ef,479243,249053124.9301676,47
USDT,0xa71180a5bfbc0dbd18f7b355e4afa101a319ff6a,396409,161756257.12967795,48
USDT,0x29e943ff0e16427bd6548834dc299f0aa7eaf2f1,356039,11183446.31014212,49
USDT,0x631fc1ea2270e98fbd9d92658ece0f5a269aa161,337312,813172556.6680344,50
USDT,0x59362651601cbd381f94570b75b5e26885cdce5b,322992,312480.48,51
USDT,0x98ae655e5bb418eef21b7c5800d4638aede60e1d,321065,84188929.98090315,52
USDT,0x74623b0854a76f714c6683826663b941c6ff5612,317948,7.669600254000001,53
USDT,0xaba3002ab1597433ba79abc48eead54dc10a45f2,315376,59741254.384730786,54
USDT,0xaaec5cb06ab6f553f6280e6f9aaa57884cd0a5a5,305793,189128982.64757678,55
USDT,0xf70faf6755af428b5ebc61d9382fa088cb6f020a,298660,4213.368415922872,56
USDT,0x53f78a071d04224b8e254e243fffc6d9f2f3fa23,295966,258100276.4618865,57
USDT,0x8665a78ccc84d6df2acaa4b207d88c6bc9b70ec5,282742,25164704.140720267,58
USDT,0x6cfadd6abc272165e31c7517cdcf34805f782b15,276204,47.84909953,59
USDT,0xb1256d6b31e4ae87da1d56e5890c66be7f1c038e,275582,607957021.6956669,60
USDT,0x7efaef62fddcca950418312c6c91aef321375a00,273397,351825918.4229597,61
USDT,0x47962ea56a061d52cfbbe03a66a29efcfd5769e7,271481,2.71481,62
USDT,0xa23ef2319ba4c933ebfdba80c332664a6cb13f1a,262537,50508259.07645023,63
USDT,0xb0b1177e8b32bfb9744c50f1350c6a614cc1aa77,249007,161865658.9134048,64
USDT,0xbf957e1c121fa769580d29bf320ee8bff138ad12,245334,147483615.15521684,65
USDT,0x9653628b7ac01e375e085b02b9998d86d08f9bd9,244593,603.1875774130203,66
USDT,0xea968f14b397fb9f14fc5539fea636227a7e8969,242142,1462944.7901,67
USDT,0x1a3989f830eb84ac8b72c6bb9d31d8df3c3eed40,231770,2.3177,68
USDT,0xcded3bb9d2dc98f6e4e772095b48051acfb84df9,225228,145878050.65743586,69
USDT,0xb73c3ce651a156f8399375870c7ab2e20032602d,224095,2.27107,70
USDT,0xd6cbe68fdbce759b3bd288a3af1df1237291b2e3,219658,294.9852859100002,71
USDT,0xa88f86e5685fca7c5d6de0e4d944875b007137b5,219370,66795632.89741759,72
USDT,0xe06770d70d5c6a3ba543cd667b091b82f735927b,210288,31.153071269999998,73
USDT,0xa7ca2c8673bcfa5a26d8ceec2887f2cc2b0db22a,207290,50428754.0432975,74
USDT,0xec5f1817a8fba834fdb444edc1fffa7544d11242,205176,16800603.976117797,75
USDT,0x47a90a2d92a8367a91efa1906bfc8c1e05bf10c4,203173,20944343.1892031,76
USDT,0xe70b8dc28e795738a772379e9d456e7d74f50ab5,197250,44138688.08657256,77
USDT,0x093ab278bd09beab843f0afd6b9853a4c5145fb2,189960,178.0304400000002,78
USDT,0x69460570c93f9de5e2edbc3052bf10125f0ca22d,189501,105069237.75801446,79
USDT,0x3c02290922a3618a4646e3bbca65853ea45fe7c6,177297,51194286.83259436,80
USDT,0x56ad28cdc7bd15f0e02c401be4890f16298f7d88,171705,5227209.885675239,81
USDT,0x0defbb1b77a65e3bdf2b6e3b0ca644183e48f9b8,171627,29023413.504269768,82
USDT,0x7b20082fc63518d3a847ade1b147254eebd625ac,166542,347.5790436620967,83
USDT,0xbcb772c56e74ddd35eff87b2dd9c0804f65b1dc1,165545,25100065.612721726,84
USDT,0x7a5c4bb4930be5d3a056ef6228d93444da18041c,164001,56.420250870401915,85
USDT,0x7905e0d7442c784ca41822b50dbcc007dafa634a,160552,1942952.3357916973,86
USDT,0x60488f397b6ad0a078fcd31305da421732ada8d0,160155,190.80321300000017,87
USDT,0x21ea2212915620cab7fb6d4c5cbfcfd9c6161298,159355,53.18628533053706,88
USDT,0x1111111254eeb25477b68fb85ed929f73a960582,155955,38248606.81056698,89
USDT,0x6a97ced5fe756c5b89b3fa926cbafe259a1af9d0,153700,24873713.266213562,90
USDT,0x6c69fa64ec451b1bc5b5fbaa56cf648a281634be,153097,24202170.667045686,91
USDT,0x238a358808379702088667322f80ac48bad5e6c4,149551,305099517.3948499,92
USDT,0xc6189860d8435f365ddf0a8d5a469356ec7bff9a,149231,4426307.03575876,93
USDT,0x82916c48225948887faae3c4b6b819f6bf773ca2,146769,16500236.660770204,94
USDT,0xe4fb46b495a859c864907b3053dc1ef6094bf122,146442,20110255.14,95
USDT,0xcaf83f771985c6f7411333d4d2360460fa2b4db5,145150,19840854.10760673,96
USDT,0xd61e2c7bd203fb3d1afdf05d6a9a378d182fa8a4,144821,4.060306214622,97
USDT,0xf9c182189d6409767c1e8213cde371a5feed45d8,143063,22718663.65602973,98
USDT,0x20664cacdcfeb318c8e145a03c75e34bc2cc4a3b,141680,24557373.6043601,99
USDT,0xf8ccb86727a1f4a473d5ac019a7e7f94dbea3036,141186,21291101.32052973,100
USDC,0x8894e0a0c962cb723c1976a4421c95949be2d4e3,1440190,2299082234.159827,1
USDC,0xe2fc31f816a9b94326492132018c3aecc4a93ae1,1165030,1775020831.394164,2
USDC,0xf89d7b9c864f589bbf53a82105107622b35eaa40,401628,324888787.181853,3
USDC,0xc590175e458b83680867afd273527ff58f74c02b,329869,126124746.8485531,4
USDC,0x1ab4973a48dc892cd9971ece8e01dcc7688f8f23,271074,417391608.6417151,5
USDC,0xd99c7f6c65857ac913a8f880a4cb84032ab2fc5b,185613,85215719.99359298,6
USDC,0x318d2aae4c99c2e74f7b5949fa1c34df837789b8,176023,135948946.077058,7
USDC,0xaeea044b8f5a54b17677257a69b1f6b565894f24,170160,9888097.004372,8
USDC,0x983a66e781ffb62468176ce17a3cb0cce4fe84bb,140353,568071.6325941739,9
USDC,0xb300000b72deaeb607a12d5f54773d1c19c7028d,138698,40614177.64331131,10
USDC,0x5afe0cfe5034ee1379d46acdab55f9d26f8d8425,123665,4.378328682409105,11
USDC,0xf70da97812cb96acdf810712aa562db8dfa3dbef,106938,44516813.29581922,12
USDC,0x2354ef4df11afacb85a5c7f98b624072eccddbb1,103137,189226429.5139879,13
USDC,0x317cd61fa24e2e4068b4c47bd58d5fc9f4e7a12b,86213,95485.51977145,14
USDC,0x1111111254eeb25477b68fb85ed929f73a960582,85692,44544042.568252884,15
USDC,0x88649f4743a758171077b98ee2003f1989b1615a,82278,23268883.604197532,16
USDC,0x92b7807bf19b7dddf89b706143896d05228f3121,79513,118183359.87519073,17
USDC,0xfa500178de024bf43cfa69b7e636a28ab68f2741,71572,32720986.85355361,18
USDC,0x5289a8dbf7029ee0b0498a84777ed3941d9acfec,69534,386581.4958253424,19
USDC,0x2c3c320d49019d4f9a92352e947c7e5acfe47d68,66857,23170238.31704097,20
USDC,0xf2688fb5b81049dfb7703ada5e770543770612c4,64263,14949627.402133869,21
USDC,0xdef171fe48cf0115b1d80b88dc8eab59176fee57,61892,61903637.14888983,22
USDC,0xd152f549545093347a162dce210e7293f1452150,60663,6712156.748435705,23
USDC,0xde6e2fa9e8dda7eb498692e48064532bc54671ec,57605,52.27574450000006,24
USDC,0x625b02b687ec38f3085af5b108dda410775fa76a,56128,100932604.121759,25
USDC,0x09fe9db65c44b9610ab7dcd6853f887d2ade7e7f,55205,21237654.12009488,26
USDC,0x21298fffb0ccbd25e9f418caec7ecc2e8aeea099,53793,374.7684553628635,27
USDC,0xb8269b7e72904d51b3bd7066857771c4779ef1b9,53178,16.47853535960005,28
USDC,0x8965349fb649a33a30cbfda057d8ec2c48abe2a2,49916,277636020.4706253,29
USDC,0x02eb0a93c43e8c044154e49bc5074c832c067f65,48625,10.180973396612552,30
USDC,0x4982085c9e2f89f2ecb8131eca71afad896e89cb,47165,60645953.38276015,31
USDC,0xec6557348085aa57c72514d67070dc863c0a5a8c,46794,60614528.170399465,32
USDC,0x9bb6a22da110c6c9bab745bcaf0ee142ee83af37,46777,48042910.43473257,33
USDC,0x663dc15d3c1ac63ff12e45ab68fea3f0a883c251,45879,385030.84547844034,34
USDC,0xc66540a3528f0b5ece54576ee0ca52e73947a514,45557,1.810093,35
USDC,0x1231deb6f5749ef6ce6943a275a1d3e7486f4eae,44065,35746973.27462232,36
USDC,0xecc3657b8dbacd5afff96d07eeac3d2208b71813,43813,2.830051,37
USDC,0x8d5f7156eb384902b71ae991c563bb9ee47e0d68,43377,13.218291,38
USDC,0x111111125421ca6dc452d289314280a0f8842a65,42863,25175653.385040607,39
USDC,0xf32b7c76a0e6c9929c68d69aa0acddd67b2ec0d1,41962,52.03048501304988,40
USDC,0x238a358808379702088667322f80ac48bad5e6c4,40159,32868448.953811422,41
USDC,0x2b3bf74b29f59fb8dda41cf3d6a8da28cf8e7921,39955,12727350.681779359,42
USDC,0x7354abb551e41bbd9fb32e2e79f44631349119b8,39056,42415426.01567682,43
USDC,0xdd90e5e87a2081dcf0391920868ebc2ffb81a1af,37701,109036600.29147568,44
USDC,0x61e3fca605e2f0e29d5a176e1c9868d4f0ee817f,36003,7939.984614259447,45
USDC,0x40eeef69aa387c4a376cd310cd6915b0011b4cea,34097,1977086.010683,46
USDC,0x41772edd47d9ddf9ef848cdb34fe76143908c7ad,32109,306421895.45516235,47
USDC,0xc7632b7b2d768bbb30a404e13e1de48d1439ec21,30425,1035514.8312061235,48
USDC,0x8eb3c0d34ce08e655a8a2d8a9e601a3ffbb821ce,29780,4312685.693717322,49
USDC,0x28e2ea090877bf75740558f6bfb36a5ffee9e9df,29005,26361231.914690536,50
USDC,0x962bd449e630b0d928f308ce63f1a21f02576057,28625,151992433.526405,51
USDC,0x5998c1878d0025a8ddfe783105c8cfa3ed89ff4b,28590,2708225.565428,52
USDC,0xb8d1b8ae2e6fc781b1cf1aa10762933be54b9ad6,27983,2.23864,53
USDC,0x631fc1ea2270e98fbd9d92658ece0f5a269aa161,26350,298103990.86435443,54
USDC,0x81a9b5f18179ce2bf8f001b8a634db80771f1824,26162,794946.4651823414,55
USDC,0x7fcbd9d429932a11884cb5ce9c61055b369f56f7,26000,520337.3304864,56
USDC,0xf8000d18bcb23cb54461e0165d44055ec846052a,25646,0.927842,57
USDC,0x69460570c93f9de5e2edbc3052bf10125f0ca22d,25402,13236658.99304318,58
USDC,0x94d3e62151b12a12a4976f60edc18459538faf08,24953,10014818.597630486,59
USDC,0x4141325bac36affe9db165e854982230a14e6d48,24843,1152066.4626336452,60
USDC,0xec5f1817a8fba834fdb444edc1fffa7544d11242,24478,3363578.396075773,61
USDC,0x2a9ea5e8cddf40730f4f4f839f673a51600c314e,23666,19337527.504384417,62
USDC,0xb8e26cf11b5cb54e4eef6f9fa5ade6c834c3618e,23600,613618282.9368833,63
USDC,0x2762409baa1804d94d8c0bcff8400b78bf915d5b,23290,20093881.661151752,64
USDC,0x1f5eb15444a88081955ec756cb2e99d66eefb02f,23060,0.592009,65
USDC,0x0d0707963952f2fba59dd06f2b425ace40b492fe,22500,102750631.03371456,66
USDC,0x680dd100e4b394bda26a59dd5c119a391e747d18,21163,66205486.41824701,67
USDC,0xe5859f4efc09027a9b718781dcb2c6910cac6e91,20925,18638170.816656575,68
USDC,0x1111111254fb6c44bac0bed2854e76f90643097d,18562,92126227.64837821,69
USDC,0x3b75337a7937ba1f118939076a10fdf0a08d5f0c,18411,16937126.6447,70
USDC,0x82916c48225948887faae3c4b6b819f6bf773ca2,18378,4001282.8306574817,71
USDC,0x20bb82f2db6ff52b42c60ce79cde4c7094ce133f,18195,2823768.712767,72
USDC,0xe06770d70d5c6a3ba543cd667b091b82f735927b,17907,4.07999628,73
USDC,0x0000597f94721d15b7425e03346ed5eb47f20000,17550,3.47340319,74
USDC,0x41d3d33156ae7c62c094aae2995003ae63f587b3,17486,5037502.786391622,75
USDC,0xdb6f1920a889355780af7570773609bd8cb1f498,17151,27991039.02040497,76
USDC,0xb1256d6b31e4ae87da1d56e5890c66be7f1c038e,16709,210858606.77794057,77
USDC,0x8f0d024e780b7e2fd633a4d6d43631a96e8cb059,16242,5472526.30921145,78
USDC,0x63941b651286319da78f8aaeb61b3f16033c9c7d,15990,4205011.44,79
USDC,0x2dfadab8266483bed9fd9a292ce56596a2d1378d,15645,451101.9791324795,80
USDC,0xd123f70ae324d34a9e76b67a27bf77593ba8749f,15484,65546621.685698524,81
USDC,0xae853029faefaf639667c0426d71c7c545282acf,15379,3.9269499999999997,82
USDC,0xa7ca2c8673bcfa5a26d8ceec2887f2cc2b0db22a,15336,8438835.53463192,83
USDC,0xf23b819a3cc63b7b9e031af87386060b131a6128,15332,110367.5785,84
USDC,0x71ceeb62eea023adef88e445ac1f30211b31e20b,15203,2.4613657,85
USDC,0xc38e4e6a15593f908255214653d3d947ca1c2338,14744,21012805.1171069,86
USDC,0x7cccf66db1a0d4069a52a0c26859edbc34177065,14520,355936.93036496005,87
USDC,0xf5042e6ffac5a625d4e7848e0b01373d8eb9e222,14131,2471400.690746606,88
USDC,0xc1da33e8d60daf4f93a52357a57a076f44c45759,14060,3773528.043059,89
USDC,0x25ab3efd52e6470681ce037cd546dc60726948d3,14030,8316689.848007,90
USDC,0xdded049bb0e27369390f40f8c4a252298e35308e,13810,68801.79407221699,91
USDC,0x56731046176e68716a83d6cb7d1abb499f42226a,13068,0.0065441064344601,92
USDC,0x2f2dd99235cb728fc79af575f1325eaa270f0c99,12799,5273543.232250223,93
USDC,0x55a0e3b6579972055faa983482aceb4b251dcf15,12621,10348469.526727516,94
USDC,0x1906c1d672b88cd1b9ac7593301ca990f94eae07,12136,5398660.3551247185,95
USDC,0xaec97c3465d83b1952c3a251036df88a635c060c,11873,1036784.2537731985,96
USDC,0xff87bda5270d2fbcc8b131dbd630996214861450,11809,17153428.20787027,97
USDC,0xc087c78abac4a0e900a327444193dbf9ba69058e,11723,7772112.765200705,98
USDC,0x827bbc2ae714686ba35ea2adea387bfcb863acb7,11684,17.926792141653088,99
USDC,0x6cfadd6abc272165e31c7517cdcf34805f782b15,11667,3.56215354,100
DAI,0x8894e0a0c962cb723c1976a4421c95949be2d4e3,36832,111785857.64979143,1
DAI,0xe2fc31f816a9b94326492132018c3aecc4a93ae1,33982,71181509.94347438,2
DAI,0xc7c3ccce4fa25700fd5574da7e200ae28bbd36a3,33919,3996312.312338256,3
DAI,0x66fdb2eccfb58cf098eaa419e5efde841368e489,29881,66061426.4151253,4
DAI,0xc590175e458b83680867afd273527ff58f74c02b,22435,8323596.048435335,5
DAI,0xf2626ae766a3bdbc4b077aa54c15a15768dc3829,20842,4747321.12374,6
DAI,0x20bb82f2db6ff52b42c60ce79cde4c7094ce133f,14184,3704389.5243740003,7
DAI,0x631fc1ea2270e98fbd9d92658ece0f5a269aa161,12651,115468071.75620632,8
DAI,0x3ab77e40340ab084c3e23be8e5a6f7afed9d41dc,12091,28990841.82358497,9
DAI,0xe043558b77e2b4c262d7d6e579b005ceb7f4591c,10373,7823546.952589275,10
DAI,0x1282911d3600b202698997f61f46379db3b9f01e,10335,59373959.10221363,11
DAI,0x83f5f0fa302e6df65902cbd2fca45f2d612e0245,9793,2328942.86,12
DAI,0xf89d7b9c864f589bbf53a82105107622b35eaa40,9728,12438893.61568245,13
DAI,0x039df62583ddc1c5fda75db152b87113d863b6d6,9661,2176711.51428851,14
DAI,0x56c77d59e82f33c712f919d09fceddf49660a829,8650,1008395.5747582113,15
DAI,0xf6f5ce9a91dd4fae2d2ed92e25f2a4dc8564f174,6969,934977.6616291751,16
DAI,0x1a1d9fe7d7bcad73f2d7e2cd734b51373c989df6,6805,2754088.9077741555,17
DAI,0xfd5c1c3d086a9cc0f21beab6dde3900c9351fc59,6700,1659946.4437194,18
DAI,0xe6cf29055e747e95c058f64423d984546540ede5,6562,20575.7660843057,19
DAI,0xb1256d6b31e4ae87da1d56e5890c66be7f1c038e,6292,57553934.22296956,20
DAI,0x7fcbd9d429932a11884cb5ce9c61055b369f56f7,5986,29930.0,21
DAI,0x1111111254eeb25477b68fb85ed929f73a960582,5536,6899633.41414051,22
DAI,0x1111111254fb6c44bac0bed2854e76f90643097d,5435,38071454.01502377,23
DAI,0x2a9ea5e8cddf40730f4f4f839f673a51600c314e,5424,4843596.010690752,24
DAI,0x334b3ecb4dca3593bccc3c7ebd1a1c1d1780fbf1,4773,291817963.66402465,25
DAI,0xdef171fe48cf0115b1d80b88dc8eab59176fee57,4640,10134383.543440253,26
DAI,0xdb6f1920a889355780af7570773609bd8cb1f498,4460,8805861.699925339,27
DAI,0xa4920079501a12b6170c6ceaa8439b75c6b657b7,4343,968029.195,28
DAI,0xd99589f1b1695996533bb4db43b97dd6331dbcc2,4222,1376579.9686559672,29
DAI,0x21298fffb0ccbd25e9f418caec7ecc2e8aeea099,3970,11.230245352565056,30
DAI,0x7be44b47c12761eab1b80b5779638fb09165c743,3805,2277284.437816524,31
DAI,0x97376e9f7960b1bb72ef4d478b7e1543fabec8c7,3727,540345.6737822,32
DAI,0xb3c4217ab2b265bf8c69718d280e3708b5e50577,3406,861167.6684065145,33
DAI,0xe5859f4efc09027a9b718781dcb2c6910cac6e91,3291,2841005.062600438,34
DAI,0x928cb35129a0b70de7c88a6fc86d1f9846fd7cef,3267,247.22258807179907,35
DAI,0x7a72b31918f598154f3e6171c5f341fbaf1fd0b7,2789,733525.0211975308,36
DAI,0xbaf9a5d4b0052359326a6cdab54babaa3a3a9643,2677,13828572.43500686,37
DAI,0xa86c90436664229c60166a52f9d1048e1dd3bfab,2593,475400.0,38
DAI,0xecc3657b8dbacd5afff96d07eeac3d2208b71813,2533,0.145527,39
DAI,0xa7ca2c8673bcfa5a26d8ceec2887f2cc2b0db22a,2525,1367231.7192254467,40
DAI,0x363e89d76336ba371a46a64fd7c61665c1158d7e,2508,702500.0,41
DAI,0xe0caab61ee7a12d03b268e1f6a56537ac1b61d13,2349,1943786.7722082115,42
DAI,0x1231deb6f5749ef6ce6943a275a1d3e7486f4eae,2341,1449344.089205886,43
DAI,0x9d0a463d5dcb82008e86bf506eb048708a15dd84,2295,9881270.412806597,44
DAI,0xe561583d3a0dba55569da8ff2e51a74d435ef372,2274,3523634.4849323863,45
DAI,0x0642bdf1dafcfa9aa853c4323b0ee2b3c7424a25,2236,442479.6710533852,46
DAI,0x8b6ecea3e9bd6290c2150a89af6c69887aaf1870,2210,1820406.8199306647,47
DAI,0xfa500178de024bf43cfa69b7e636a28ab68f2741,2190,869775.7563038704,48
DAI,0xa2d86bcb4a7651e2926b2dd9a3f4d4d2ec6abd21,2092,11024.871124375593,49
DAI,0x111111125421ca6dc452d289314280a0f8842a65,2042,1459903.0485203671,50
DAI,0x83a9282679389e3967f8834655ea89da144f684a,2007,1405.9907722440403,51
DAI,0x1d7eaaaf364e77061b9d3c5cc3f6be9e2cb34611,1964,397203.2957676318,52
DAI,0x8932fe7726c1ee743f662f485c3e5a5d1d595f71,1949,1255082.3935039002,53
DAI,0x5162f992edf7101637446ecccd5943a9dcc63a8a,1905,5105463.658195824,54
DAI,0x2dfadab8266483bed9fd9a292ce56596a2d1378d,1844,70095.97187543164,55
DAI,0x70c132a2ddeccf0d76cc9b64a749ffe375a79a21,1827,358361.1100869105,56
DAI,0x8bc495dbeac561d5a7700e9403518d74123bd65a,1779,1165738.640948693,57
DAI,0x0bfebcaa1873ff6bac70b36a54860d301d434e43,1668,3556.173259723623,58
DAI,0xc0697036cbfc8ed470c0416af44463136a862ebe,1471,151631.5415974665,59
DAI,0x44f948f9c4351a64c785351edea89c64f8d52175,1470,1249.7691994200138,60
DAI,0xcb29d9dac1251ce41bc67170db17a4b70db94281,1464,404034.15610892756,61
DAI,0xdd15e622185261a7e42398ee9df5ec1849387fd5,1429,749270.5516818468,62
DAI,0xf2df71e31b4c30c8f1da0ea06e2b3ae255b6bddb,1417,0.052492000000000004,63
DAI,0x709de0b97e369661c99ad54f2b858139897d3dba,1390,603382.3894361723,64
DAI,0xbebebeb035351f58602e0c1c8b59ecbff5d5f47b,1377,135373.05364012928,65
DAI,0x55a0e3b6579972055faa983482aceb4b251dcf15,1363,1268947.7131988814,66
DAI,0xadbba1ef326a33fdb754f14e62a96d5278b942bd,1313,157461.5306612466,67
DAI,0xc603a00595d5f8ea8d93c5c338c00ff29dba6258,1305,18289525.593837433,68
DAI,0xf16d312d119c13dd27fd0dc814b0bcdcaaa62dfd,1225,3602293.00510207,69
DAI,0xb3f0c9ea1f05e312093fdb031e789a756659b0ac,1218,11100105.573006272,70
DAI,0x5afe0cfe5034ee1379d46acdab55f9d26f8d8425,1210,0.0403670236895568,71
DAI,0xc1e16013a158d57a60d6aa5bb3108722b0ac6df5,1197,9272856.476902956,72
DAI,0x59b76b5d39370ba2aa7e723c639861266e85bfec,1181,4534978.379984951,73
DAI,0x45989cf0de6e732f31ca4b289aab51a236d1a9f0,1170,1687.5630691624892,74
DAI,0x07ddf3f7cba961923cfbb45924bda3fb01822c6a,1168,512.8873882441832,75
DAI,0x04449e9b89a2e72e5aa1dc3cc15264f518f24357,1158,594181.1878309046,76
DAI,0xc6c68811e75efd86d012587849f1a1d30427361d,1138,4338011.444199588,77
DAI,0xcd401c10afa37d641d2f594852da94c700e4f2ce,1136,628588.3948683818,78
DAI,0x356f029fb2f673ca083ea223d5835f4ac00539dd,1125,340319.34,79
DAI,0x124d9bf2fecbc16b54ec4accdb14d44c2144f012,1068,1512485.8916,80
DAI,0x0639556f03714a74a5feeaf5736a4a64ff70d206,1067,3658534.90261528,81
DAI,0xc66540a3528f0b5ece54576ee0ca52e73947a514,1059,0.011649,82
DAI,0xb685760ebd368a891f27ae547391f4e2a289895b,1058,974340.537034,83
DAI,0x260ee8f2b0c167e0cd6119b2df923fd061dc1093,1035,2775822.566184,84
DAI,0xc7029e939075f48fa2d5953381660c7d01570171,1012,709875.8870552,85
DAI,0x35bcb49afb0e457e2029386e7bd131f3a2cd6bf5,966,177973.0,86
DAI,0xbdd777351deee754cac9cf227a9bba85f606a117,960,2695.9324858883265,87
DAI,0x814005fdf300d08ee80ca6b9fe0e0e601be8dca8,938,26157.324251,88
DAI,0xb75fa2a799fc7935f37500ba9780cbe10aa6610a,921,2828777.577459028,89
DAI,0x3d90f66b534dd8482b181e24655a9e8265316be9,902,141749.4550329445,90
DAI,0x2431459f3d248ec340db22680c00f31c03ec0982,891,379770.7203437805,91
DAI,0xb300000b72deaeb607a12d5f54773d1c19c7028d,882,507235.0678852261,92
DAI,0xf157a4799be445e3808592edd7e7f72150a7b050,882,100550845.72070281,93
DAI,0x1d0ae300eec4093cee4367c00b228d10a5c7ac63,866,4949898.002626304,94
DAI,0xbaddc3a6b8ec98752414810d9152552845ab4b0d,863,179025.64798895695,95
DAI,0xf0b456250dc9990662a6f25808cc74a6d1131ea9,859,806229.155523198,96
DAI,0x1268c917f98c85048f7d85e52dbfa574a3a33a3b,838,15753.9957,97
DAI,0xc95e4b6e9af7c84c5db89753b45e4bd9fef1bb61,822,6796.213,98
DAI,0xc6a752948627becab5474a10821df73ff4771a49,820,10819184.020831872,99
DAI,0xd7f1dd5d49206349cae8b585fcb0ce3d96f1696f,820,101501.47735082633,100
USDE,0x8894e0a0c962cb723c1976a4421c95949be2d4e3,916,281270774.7074343,1
USDE,0xe2fc31f816a9b94326492132018c3aecc4a93ae1,736,36170150.45247369,2
USDE,0xb300000b72deaeb607a12d5f54773d1c19c7028d,630,369759.66443263466,3
USDE,0xdc35157217a3aeff3dcaf2e86327254fbf9f4601,540,4004039.004487815,4
USDE,0x1231deb6f5749ef6ce6943a275a1d3e7486f4eae,511,397235.8107283633,5
USDE,0xf70da97812cb96acdf810712aa562db8dfa3dbef,228,17262.3066932275,6
USDE,0xc590175e458b83680867afd273527ff58f74c02b,218,8857.47197863256,7
USDE,0x5719acdb9abbbc6ba414c9dbff5b2967342f465d,201,42463709.314899094,8
USDE,0x27982098d2a8752fd040568c6982e3825e68fd98,168,74090.23335925935,9
USDE,0x111111125421ca6dc452d289314280a0f8842a65,146,1031174.2091736017,10
USDE,0x74ca6930108f775cc667894eea33843e691680d7,133,748336.4920835685,11
USDE,0x69460570c93f9de5e2edbc3052bf10125f0ca22d,101,3451.459559427258,12
USDE,0x88649f4743a758171077b98ee2003f1989b1615a,94,39544.59993268355,13
USDE,0x9dfb6ce3f6a3a103f4d44a5fdddab0815c111406,83,12862.835251836714,14
USDE,0xaffff0cbb327491799d393eb191eacf4d3912801,73,28255.000000000004,15
USDE,0xf5042e6ffac5a625d4e7848e0b01373d8eb9e222,70,27912.28912187126,16
USDE,0x30157596df68c85f834f22af282fd28e4489608f,48,5670.448754852021,17
USDE,0xb92fe925dc43a0ecde6c8b1a2709c170ec4fff4f,48,33674.35842321912,18
USDE,0x60749f2ddc95839c7a45904a32bda2fe6b867208,46,356.589148,19
USDE,0x6a000f20005980200259b80c5102003040001068,45,588952.8387765992,20
USDE,0x888888888889758f76e7103c6cbf23abbf58f946,41,21970.665206084934,21
USDE,0x28e2ea090877bf75740558f6bfb36a5ffee9e9df,32,6915.19001167117,22
USDE,0xecd1f58b9dc4bbc3a32409961b8520b0a8fcd483,29,12914.294380014808,23
USDE,0x89b8aa89fdd0507a99d334cbe3c808fafc7d850e,28,1012171.4472320294,24
USDE,0xe558d02072af867d8b69a29d4c08272078face19,25,120.406,25
USDE,0x6e4141d33021b52c91c28608403db4a0ffb50ec6,24,59355.76092805536,26
USDE,0x25a1f4af85d359a536c3b0b37ead748711c98b19,22,0.00022,27
USDE,0xb4acbc082b5e7ded571c98ee4257778a9d784b36,22,7.5847899353945785,28
USDE,0x345e7d44e1eb8894b4524cfc918906718bc1ffe2,21,169456.31324769577,29
USDE,0xb1666a4a75657340e2a912ecea237a3c8bd3fbf7,21,2517.0,30
USDE,0x5ed184bb2f1d7b48b82756f36aa70e0abf9a96a0,20,2148.0,31
USDE,0x63242a4ea82847b20e506b63b0e2e2eff0cc6cb0,20,4823.200643976027,32
USDE,0x5afe0cfe5034ee1379d46acdab55f9d26f8d8425,19,0.000952851761918,33
USDE,0x238a358808379702088667322f80ac48bad5e6c4,18,13017.231076380638,34
USDE,0x9bb9712468acadeddffbc689150ff8c4399c288d,18,16.534121922248204,35
USDE,0xdf82debfd3304e33979b4d790aaaf89eb70c8ff0,18,799.7374062098677,36
USDE,0x1ce0c268c7b7b83a9ce141697b6792bc670637f6,17,166.1366739343918,37
USDE,0x0f4a1d7fdf4890be35e71f3e0bbc4a0ec377eca3,16,180206.1700779499,38
USDE,0xc38e4e6a15593f908255214653d3d947ca1c2338,16,5010.157947378743,39
USDE,0xeeeeee9ec4769a09a76a83c7bc42b185872860ee,16,4163.931488207234,40
USDE,0x5a8584cca788b5871b718ae6a9532e709534e38e,15,1750.0,41
USDE,0x0ad500d23a43ae9b26a570cfb02b68c48a866565,14,12308922.156053277,42
USDE,0xa3afba160d0dea99965d637285d0b778cb95d42e,14,2537200.11246653,43
USDE,0xc2eff1f1ce35d395408a34ad881dbcd978f40b89,14,905.6200879824295,44
USDE,0xca01d5a9a248a830e9d93231e791b1affed7c446,14,14.584273855059578,45
USDE,0xed7c23f2e05e767857d7be231a03cf5127f16338,14,1363291.059955,46
USDE,0xf5647a353608b4f5496da27ac0165f335bacada7,14,6735.88636032839,47
USDE,0xe1d09bae72ad6f7f180df2fabd06cd2a6e94187d,13,1577.6692531408942,48
USDE,0x04abb67e5cf79c0fc16143e2ac236c2a4d4ba76c,12,1276.0,49
USDE,0x1111111254eeb25477b68fb85ed929f73a960582,10,31591.031531140092,50
USDE,0x3156020dff8d99af1ddc523ebdfb1ad2018554a0,10,1083.5798446482515,51
USDE,0x83a3302179ffb195296c6cf3421e1ea1bca38460,10,3345459.436965,52
USDE,0xbedfac7488dccaafdd66d1d7d56349780fe0477e,10,5003.023241478456,53
USDE,0xf25b3fa015f33c9d8d760069091150709516004a,10,6.9776865314001055,54
USDE,0xf94197c73e968b93c8d6c283c4b2623f7732a68f,10,1043.969215305062,55
USDE,0x24b4ca977b6690ab367f632e99e01535c5b13229,9,5.4829951961439,56
USDE,0x653b40ab9dd1d1b42845f67f2be617b2445b7ea5,9,379.90254258148445,57
USDE,0xafa38e68bbc198f79736af417fb584bb07344a19,9,1080.0,58
USDE,0xbeb0b0623f66be8ce162ebdfa2ec543a522f4ea6,9,6828.3107740146,59
USDE,0xd7f1dd5d49206349cae8b585fcb0ce3d96f1696f,9,509.8749853923277,60
USDE,0xfb4d07f3d8fc11795583efa1754c856b7e60d457,9,156500.0,61
USDE,0x07167e620612069830fdb5289406bb7a1ddf781c,8,1173411.8049136638,62
USDE,0x7fa9ae25d2666f142d2e974a0ba537056be18e9a,8,4288278.573542316,63
USDE,0x8f10b468b06c6fd214b65f87778827f7d113f996,8,4459.3671695515095,64
USDE,0xb7cbad7dd322bd1610c61c539ff2d36909055f54,8,61.958005128572054,65
USDE,0x20791efb98df4a783f59df9f1cfd0e7ea6a19091,7,247000.0,66
USDE,0x357f46e808f46b5e4b6dae9e5618e8aeab3ee83d,7,225.01,67
USDE,0x4675748248a1182819e5ea6819e41be0b2ad3a7d,7,187.16887772181167,68
USDE,0x55877bd7f2ee37bde55ca4b271a3631f3a7ef121,7,3197.3879633028887,69
USDE,0x74ad00e23d295e9aec8033b7c11b57f32921a9b5,7,40298.0,70
USDE,0xb0b1177e8b32bfb9744c50f1350c6a614cc1aa77,7,2943.74651152,71
USDE,0x410b72ccfeacbb20a31785edaa358d25a07e143d,6,489.0705491312882,72
USDE,0xa96be652a08d9905f15b7fbe2255708709becd09,6,307.66861961,73
USDE,0xc7642bfbae5dc5d868aaacd5eec160aab35f1a97,6,33074.0,74
USDE,0x000000000000c9b3e2c3ec88b1b4c0cd853f4321,5,1949.499709447805,75
USDE,0x0d5e9aa8ec0c62ca4d32f07b8efbaf778bc59471,5,440.5,76
USDE,0x111789d6d4fd521aefc6204b9d5ec1fbc10387d3,5,495.0,77
USDE,0x1f6a1cd06fa93ea1854facf14d9cc1c70cad6c6c,5,0.003723,78
USDE,0x3d90cf90ffaa64c361247f710823cb4958a74fa8,5,41020.0,79
USDE,0x62ccef0b4545166f721caa9fee13c1d3767e27dc,5,1.1493226299134662,80
USDE,0x663dc15d3c1ac63ff12e45ab68fea3f0a883c251,5,0.056657986595986504,81
USDE,0x6aa981bff95edfea36bdae98c26b274ffcafe8d3,5,18.299914080908792,82
USDE,0x76543bddc37cca543286c7c9c22bd2b32df7b866,5,25999.0,83
USDE,0x779a74436eda060911b2c4f209d34ea155f3df09,5,888.122416560607,84
USDE,0x802667f09d6de533390b9a9bc5e6623fe526bede,5,125.7688060095192,85
USDE,0xa1f3cdaec36bb391459277fab29d73a34626bb96,5,1078088.7949121783,86
USDE,0xa32422ccc420208ab0a3e48ccfc6e1c3dd926669,5,3996.570688247375,87
USDE,0xb6298f8da3e0a61504dfe78b1a9729449792885c,5,21397.862276866177,88
USDE,0xf3645eac6cc4307bccbe283756f20182058355d5,5,18401.283098814027,89
USDE,0xf70fbaa92c9da0cb75d6c04cea180dbac618a3f9,5,68.3905449459922,90
USDE,0x05cd6eeffb86ab70b8acd47e314746912bddc63e,4,303.2226228331007,91
USDE,0x0b870aa917fd9fe66f8aa7635681130d4bf51386,4,699.8228667382368,92
USDE,0x25ed72c3f671b626810a6db597dcfd50f215a423,4,2233.298637794897,93
USDE,0x2b41dc4cab4acb43392329bce167be827c142792,4,130875.6628476,94
USDE,0x2ee7a685bedf18bb2667e4cd7848595e92d68587,4,799449.978578,95
USDE,0x2f821d8936d47b2fd15371fb0812fda35396036b,4,22.000448,96
USDE,0x31a256e01900f93831361df928eb32f83a6af40e,4,2.0,97
USDE,0x3c0f9cf635c485bef2d423ac447dacaf38da1ef4,4,52.99327043707778,98
USDE,0x3d5c94867501e6a05ad94b3dbe4e80814914b0b8,4,10000.0,99
USDE,0x4421d14d4ab52c7c4bb82741ed274415563a0e22,4,1797889.275086,100
USD1,0xd152f549545093347a162dce210e7293f1452150,207015,16098412.010257382,1
USD1,0x8894e0a0c962cb723c1976a4421c95949be2d4e3,97321,1284354243.8689759,2
USD1,0xe2fc31f816a9b94326492132018c3aecc4a93ae1,78107,137388665.35903838,3
USD1,0x8d5f7156eb384902b71ae991c563bb9ee47e0d68,66582,6.65841,4
USD1,0xe57435b7ae0facca9c77b9ae5a58d36dad091378,46922,119731491.08736175,5
USD1,0xa180fe01b906a1be37be6c534a3300785b20d947,34773,130964637.0166694,6
USD1,0x161ba15a5f335c9f06bb5bbb0a9ce14076fbb645,33921,109434616.69771321,7
USD1,0xeb2d2f1b8c558a40207669291fda468e50c8a0bb,33873,125336380.49592742,8
USD1,0x1de460f363af910f51726def188f9004276bf4bc,33631,8609.698072236586,9
USD1,0x515b72ed8a97f42c568d6a143232775018f133c8,32893,109620161.35326414,10
USD1,0xbd612a3f30dca67bf60a39fd0d35e39b7ab80774,31392,120773467.10678703,11
USD1,0xf150d29d92e7460a1531cbc9d1abeab33d6998e4,28059,3120845.1325235427,12
USD1,0xf47055e6dc03e5103cd563ccfd39a8ce216d2811,26510,527.070544172952,13
USD1,0x238a358808379702088667322f80ac48bad5e6c4,23564,4795440.320484147,14
USD1,0x1ab4973a48dc892cd9971ece8e01dcc7688f8f23,21520,98067124.78434467,15
USD1,0x9c4ee895e4f6ce07ada631c508d1306db7502cce,21030,48501285.34518539,16
USD1,0x9109a028cac079220b07374aa2cf5c2f50223c4d,20210,9541.3,17
USD1,0xd8e8bf2fad7224f6d9e137acf7f90eb09534c96e,20010,622.0,18
USD1,0x82d81634158bc768e8ed11145a407bc9504c486d,19500,390000.0,19
USD1,0xb300000b72deaeb607a12d5f54773d1c19c7028d,18819,18229446.533491306,20
USD1,0x44df974b5b1e64c5d94ea853067161da806f21bb,18800,376000.0,21
USD1,0xbc77675c3025612a047a71bf5a1fe431e9977542,15999,319980.0,22
USD1,0x285f84010477d35f52bb6e59eab5cfc1b7f37612,15785,275720.0,23
USD1,0x4a3218606af9b4728a9f187e1c1a8c07fbc172a9,14828,6953269.556633064,24
USD1,0x0d69079b60484ae97ea7deaad370b61f9da401f8,11849,943875.6,25
USD1,0x0b931e30456dcac75e28b522205ca5ce6d193b3a,11199,17707.239999999998,26
USD1,0xf251f83e40a78868fcfa3fa4599dad6494e46034,10688,367.65956928975146,27
USD1,0x5dced08dd2411640c9905c22f8ec5c677a6cae17,10638,4.329889696599161,28
USD1,0x0000000000009cbfbceea07711dd557bbffbfc6b,10255,840000.0,29
USD1,0x28e2ea090877bf75740558f6bfb36a5ffee9e9df,10034,4702219.333062211,30
USD1,0x61c8652cacf069e88e7b2d758a6fd4cfd7c55dda,10003,1051.107,31
USD1,0x6202b542993e429d3976f3d17d53e0c92acf43ba,10003,286850.02464159287,32
USD1,0x29fa250e25d68953fec3a55ffdeb41eccac1e0fc,10002,323368.2416660522,33
USD1,0x61e31ee1b6ffba17ce86148f656abdbed9e19e22,10002,200000.0,34
USD1,0xb0ae56c629a25f71e808820ebe1dce8b0469b94f,10002,200080.0,35
USD1,0xfce4ff6d91e0362b77ed8aa3e2d3605106b390ba,10000,509847.00002,36
USD1,0x01002cf57b53748ff3494e1b6d10500bdee30a55,9999,200000.0,37
USD1,0x68905ef1954852d0e46738040f8fef7ff6c2fc48,9999,199980.0,38
USD1,0x3eba5e177ded202dc2e27d82f69fe8dcc51e5891,9895,15702.0016193,39
USD1,0x169eeea08745016fd012964dfbb9123c8358d424,9600,0.96,40
USD1,0x81ca6969a1a68409cdb1015216f083d88e488188,9500,199500.0,41
USD1,0x5afe0cfe5034ee1379d46acdab55f9d26f8d8425,9394,0.36517459158862586,42
USD1,0x3d7c319090edf2293608a0f9a786317c66d320f8,9259,918865.2561329191,43
USD1,0xdfd7634fdfb29a52cafece1a39defeeaf28c9aa7,9041,0.144656,44
USD1,0x8d429d3d0be66af6db963f8ad97c3e984993e89b,8500,16132.4,45
USD1,0x5c952063c7fc8610ffdb798152d69f0b9550762b,8449,3454001.0634533926,46
USD1,0x45c8a9fe546ec6caca233a3eb3cde3e78fdfe69f,8001,225000.0,47
USD1,0xa9c7fec005925e02b41c29a57067319e6988d7cb,7851,429.72334833046307,48
USD1,0x9bb6a22da110c6c9bab745bcaf0ee142ee83af37,7452,19597156.02405386,49
USD1,0xd417e0a5825ab5778d3ff9a511f57c429946b0da,7020,200000.0,50
USD1,0x5c71112cbf49686e7a36cce27d8307ac2a38673d,6523,565674.0,51
USD1,0x0d0707963952f2fba59dd06f2b425ace40b492fe,5736,165610759.63632852,52
USD1,0x46b9217342cdc50c89ffa84a12be45b2639eaf4a,5509,815722.8327578038,53
USD1,0x4b8cbbc24d58458c74a51c5e1fb83b8369798b54,5503,20000.0,54
USD1,0xfdfc89d953e044f84faa2ed4953190a066328ee0,5288,760717.9130503476,55
USD1,0x4543bc21310139b38e76ac653d53845fa8bb695a,5273,652602.0931474403,56
USD1,0x9b4f3ae19cf52b25932ae2b60752331479688c9f,5102,300000.0,57
USD1,0x4c8ac074d303a895a69329161b4b9b240f43e530,5009,100000.0,58
USD1,0x0c01c0be9e817097b51c10a212ce744c61b3916c,5002,100000.0,59
USD1,0x1c5d8792098bcd216a593f4f87618088c6f5dde0,5002,170948.0806910616,60
USD1,0x8e6804337f8d774ce3eb4d4c12bad9dfab2f56ad,5002,160000.0,61
USD1,0xcaf8d475a678d471f0ed5b2408701dfc73114770,5001,2099.58,62
USD1,0x54a889b45bd10ebe65afdf55d4f0da87b4922ec1,5000,100979.8,63
USD1,0x6453a572ec02a7aaf404cd94f969b26b388e2053,5000,100000.0,64
USD1,0xc05b45f77324368c4f1cb5828f2829e730f86684,5000,100000.0,65
USD1,0x593c5c0a47cee7c59a9190537e624b653d452267,4999,99980.0,66
USD1,0x58f71725d5a24bade58dce16ef2e0adf3c36ac4d,4841,20988.9969,67
USD1,0x450fb83f2a56faba74910625b12dbb1749980ed3,4749,517352.33999999997,68
USD1,0x8f00374c14bc4744503cb1ec62a397679390a4a8,4501,93916.50735622509,69
USD1,0x56020d370dab1a1a2481b6193f82e6742cd61ba7,4442,186157.5,70
USD1,0xc66540a3528f0b5ece54576ee0ca52e73947a514,4413,0.048543,71
USD1,0xed9a0128bbea9abfc85a16193ae906bb737ed6e9,4150,83000.0,72
USD1,0x1b17d5787454da4f9cce4c54d645cd5b72c0b07a,4114,204051.847092,73
USD1,0x4f473c794e67054894a05e7946039adbdf2e3e38,4032,24112.089,74
USD1,0x45cd9f9b1c405b4462c7d41d9dd0c495f8df12ce,4030,80580.0,75
USD1,0x28161861234230f8ff323d936357e037b11294c3,4001,168.0,76
USD1,0x9567a2ef81119401d72e50733938959c90cdad05,4001,99.73550032225012,77
USD1,0x6b5772e44a8d4ce8e6876143d4b59edca1f13f1b,4000,80000.0,78
USD1,0x1298f938b66ade50628d7b9df9acf1bec3b31af5,3999,83.979,79
USD1,0x8abb8e74661cd711aa76a4d43fc3dd07561af458,3999,79980.0,80
USD1,0x95047e153228d9033debfc4d911311df1865ebe3,3999,79980.0,81
USD1,0xfde0c7e11d895b4eb4aaeb3cb59f930306f1d60c,3999,79800.0,82
USD1,0xd0d1dceef425a7cbe3e473de395a54a0b84b8657,3753,75000.0,83
USD1,0x2fd3a2831a9afcd241f388e73619eebf53993c90,3606,62720.0,84
USD1,0xda77c035e4d5a748b4ab6674327fa446f17098a2,3592,804040.2289989162,85
USD1,0xf89d7b9c864f589bbf53a82105107622b35eaa40,3395,80968180.32755594,86
USD1,0xdc28addfd7dfddddd595c79670d86df4f80c4a66,3250,65000.0,87
USD1,0xcf7ea83ffea79464beac0a9acf3c507fa6a80a07,3231,129952.035,88
USD1,0x3156020dff8d99af1ddc523ebdfb1ad2018554a0,3206,688509.4653076541,89
USD1,0x05fcdadaa4cf9080e54b27b6e145ffad66666666,3002,69930.0,90
USD1,0x0efa1975c995f172654102a9b6976188e09f5120,3001,80000.0,91
USD1,0xd44986cd9627aa9474687d25c839f6f83e66991a,3001,20042.0,92
USD1,0x033431766a6c2e8921d768e336b4c7fa5053ffbd,3000,60000.0,93
USD1,0xfb97b79c741d060e148142ba827c30347786e208,3000,60000.0,94
USD1,0x1c6348e7e522c1a6074ef2f456d677450a2e7c01,2999,59980.0,95
USD1,0xff46b0fae94db8bc76ada24dfaefd71aa585ef1b,2999,59980.0,96
USD1,0x4bab2cb2ed6ee2d564ba5398cab4161d95e58f1b,2967,53973.5958381446,97
USD1,0x7354abb551e41bbd9fb32e2e79f44631349119b8,2913,24876089.18410617,98
USD1,0x68d14e5ec68334a929b17cfdbdca51a4b140fd2d,2842,56801.0,99
USD1,0xbaf9f711a39271701b837c5cc4f470d533bacf33,2772,7962264.838061268,100
ETH,0x8894e0a0c962cb723c1976a4421c95949be2d4e3,898395,545666.66078613,1
ETH,0xe2fc31f816a9b94326492132018c3aecc4a93ae1,784175,476018.4046685,2
ETH,0x74e4716e431f45807dcf19f284c7aa99f18a4fbc,496605,161911.2577064777,3
ETH,0xc590175e458b83680867afd273527ff58f74c02b,290135,27154.0694931912,4
ETH,0x631fc1ea2270e98fbd9d92658ece0f5a269aa161,198814,465222.31933437596,5
ETH,0xb1256d6b31e4ae87da1d56e5890c66be7f1c038e,127738,174361.02619233,6
ETH,0x531febfeb9a61d948c384acfbe6dcc51057aea7e,114344,10633.580111286461,7
ETH,0xf89d7b9c864f589bbf53a82105107622b35eaa40,103756,62252.46559645,8
ETH,0x70d8929d04b60af4fb9b58713ebcf18765ade422,91355,64488.43573003091,9
ETH,0x7213a321f1855cf1779f42c0cd85d3d95291d34c,71674,6588.903701824551,10
ETH,0x274084d059f8ee0894cf58202edcc6ece25aea8d,60044,92.4,11
ETH,0x80c67432656d59144ceff962e8faf8926599bcf8,57357,9273.016927715169,12
ETH,0x4982085c9e2f89f2ecb8131eca71afad896e89cb,50648,32515.62074902433,13
ETH,0xdd90e5e87a2081dcf0391920868ebc2ffb81a1af,49445,39831.013686743165,14
ETH,0xfa500178de024bf43cfa69b7e636a28ab68f2741,47875,14844.456634640115,15
ETH,0x0639556f03714a74a5feeaf5736a4a64ff70d206,46943,113092.47531374909,16
ETH,0xd0e226f674bbf064f54ab47f42473ff80db98cba,45322,12532.015941893884,17
ETH,0xa7ca2c8673bcfa5a26d8ceec2887f2cc2b0db22a,42573,4189.5014604836915,18
ETH,0xe4edb277e41dc89ab076a1f049f4a3efa700bce8,41800,6893.090650623512,19
ETH,0x0000000000000000000000000000000000001004,39521,8019.38859938,20
ETH,0xd6f135c92750319e828a8c20a9b6ad5c088e255c,36251,0.2408467749270168,21
ETH,0x0d0707963952f2fba59dd06f2b425ace40b492fe,35664,110754.80403736352,22
ETH,0x62fcb3c1794fb95bd8b1a97f6ad5d8a7e4943a1e,34322,5367.1903329799015,23
ETH,0x1c54b7fdfd04ec383b7a00f5d77ed19b9ea6fe76,34155,4.167711250210003,24
ETH,0xf32b7c76a0e6c9929c68d69aa0acddd67b2ec0d1,27544,0.0192438812375009,25
ETH,0x1111111254fb6c44bac0bed2854e76f90643097d,26572,17132.2459583057,26
ETH,0xbaf9a5d4b0052359326a6cdab54babaa3a3a9643,24630,4619.245397681007,27
ETH,0xbe141893e4c6ad9272e8c04bab7e6a10604501a5,24155,5142.957671804488,28
ETH,0x0f338ec12d3f7c3d77a4b9fcc1f95f3fb6ad0ea6,22416,1900.118238325365,29
ETH,0x663dc15d3c1ac63ff12e45ab68fea3f0a883c251,22385,72.96761465721842,30
ETH,0x1111111254eeb25477b68fb85ed929f73a960582,22262,5546.986419904842,31
ETH,0x2dfadab8266483bed9fd9a292ce56596a2d1378d,21012,63.6867044338259,32
ETH,0xb300000b72deaeb607a12d5f54773d1c19c7028d,19520,829.2186660173257,33
ETH,0x94d3e62151b12a12a4976f60edc18459538faf08,18021,4068.3739171352936,34
ETH,0xdebb1d6a2196f2335ad51fbde7ca587205889360,17999,35503.942505288804,35
ETH,0x9f599f3d64a9d99ea21e68127bb6ce99f893da61,17985,939.7598188919934,36
ETH,0x9a69641ed201d314b6030673eecf76143eaabc6b,17174,0.5429674521856741,37
ETH,0x4dae2f939acf50408e13d58534ff8c2776d45265,16727,1454.2153491423494,38
ETH,0x1aa422c22d65f3c90f4178ce2b98d65978732d2e,15759,1.4568905039214564,39
ETH,0x41772edd47d9ddf9ef848cdb34fe76143908c7ad,15141,56154.71105199,40
ETH,0x5e809a85aa182a9921edd10a4163745bb3e36284,14891,364.36546301123735,41
ETH,0x625b02b687ec38f3085af5b108dda410775fa76a,14763,9949.271521405302,42
ETH,0xae4789d7c596fded0e135bca007152c87a0756f5,14341,1920.680580967829,43
ETH,0x0ada3111b866ff1ad0477f0c5d2e8ed35a36eb5b,13991,529.5421275817939,44
ETH,0x2fc617e933a52713247ce25730f6695920b3befe,13547,1331.2683162301,45
ETH,0xea26b78255df2bbc31c1ebf60010d78670185bd0,13451,11078.22342825009,46
ETH,0xb80a582fa430645a043bb4f6135321ee01005fef,13381,3482.93111039,47
ETH,0x539e0ebfffd39e54a0f7e5f8fec40ade7933a664,12682,5076.561818218431,48
ETH,0x2008b6c3d07b061a84f790c035c2f6dc11a0be70,12678,2899.196770828245,49
ETH,0x51187757342914e7d94fffd95ccca4f440fe0e06,12041,1386.0604626486224,50
ETH,0xc5d2e8616524c7d593320d0fc7c6a4b59b309397,11980,13.259177862167771,51
ETH,0x1231deb6f5749ef6ce6943a275a1d3e7486f4eae,11848,1205.052630198131,52
ETH,0x52a258ed593c793251a89bfd36cae158ee9fc4f8,11611,574.9351401401,53
ETH,0xdb6f1920a889355780af7570773609bd8cb1f498,11387,2781.3708201956674,54
ETH,0x20bb82f2db6ff52b42c60ce79cde4c7094ce133f,11320,829.62158463,55
ETH,0x59de3b49314bf5067719364a2cb43e8525ab93fa,11312,997.4876855412066,56
ETH,0x111111125421ca6dc452d289314280a0f8842a65,11131,1791.5376091651494,57
ETH,0xc851a293ed8b8888a2e4140744973dd23bbcbaf2,10699,11919.26850288,58
ETH,0x21298fffb0ccbd25e9f418caec7ecc2e8aeea099,10667,2.1334e-14,59
ETH,0xaced15b9c8c8ebc0c3fb41b0f57f61ba59ed0e4c,10591,315.3465825965683,60
ETH,0xfe8df76d774e46fdc5da94dcda08d5c967cb9bfa,10021,2.050920378933816,61
ETH,0xcf8ee0d8170dbce2e0dff4023ff684e550377813,9469,10.131106646839626,62
ETH,0x983a66e781ffb62468176ce17a3cb0cce4fe84bb,9395,14.205739923079138,63
ETH,0xe4187994381c4a3ad0f3dcc902eb946e14bdd0d5,9284,556.810668,64
ETH,0xbf957e1c121fa769580d29bf320ee8bff138ad12,9115,10008.420609376057,65
ETH,0x5afe0cfe5034ee1379d46acdab55f9d26f8d8425,9036,1.88552780144e-05,66
ETH,0xd9a0d1f5e02de2403f68bb71a15f8847a854b494,9006,1302.6816434098962,67
ETH,0x1a1d9fe7d7bcad73f2d7e2cd734b51373c989df6,8880,2084.607114366308,68
ETH,0x23ba04005e5c5453540ea36b75303fdbf01e86ca,8844,0.1109483991283597,69
ETH,0x9239df3e9996c776d539eb9f01a8ae8e7957b3c3,8750,2787.680453,70
ETH,0xefdca55e4bce6c1d535cb2d0687b5567eef2ae83,8733,14640.68028794,71
ETH,0xa0c3ef24414ed9c9b456740128d8e63d016a9e11,8303,1542.8612893804261,72
ETH,0xd171b26e4484402de70e3ea256be5a2630d7e88d,8062,7426.77747590008,73
ETH,0x63b30de1a998e9e64fd58a21f68d323b9bcd8f85,8015,3127.304892049063,74
ETH,0x3bdb03ad7363152dfbc185ee23ebc93f0cf93fd1,7687,1219.3475609423972,75
ETH,0xcded3bb9d2dc98f6e4e772095b48051acfb84df9,7596,965.0234312599999,76
ETH,0x53f78a071d04224b8e254e243fffc6d9f2f3fa23,7503,6613.479282324835,77
ETH,0x61e3fca605e2f0e29d5a176e1c9868d4f0ee817f,7487,1.9711002996106446,78
ETH,0x6da1ffd9d24e1753d2f46ca53146116c7210b3c5,7218,126.24397915886341,79
ETH,0x385a079ca5d2224a0bc17fb4f9a9a03c423d8e1b,7151,0.2938399591604677,80
ETH,0x7d05c84581f0c41ad80ddf677a510360bae09a5a,7140,1585.6262418279657,81
ETH,0x21d45650db732ce5df77685d6021d7d5d1da807f,7001,18985.93299337,82
ETH,0xc7029e939075f48fa2d5953381660c7d01570171,6783,3485.63959238,83
ETH,0xe56fe0c32fc63a45f9d6cdf4aebdaa1228b9ee02,6452,648.96852282,84
ETH,0xce3aa64a89e98856e99fbb95c3c7b5afa006921a,6433,0.37428907685282853,85
ETH,0xb685760ebd368a891f27ae547391f4e2a289895b,6404,1654.8557307919,86
ETH,0x653b40ab9dd1d1b42845f67f2be617b2445b7ea5,6380,230.90758873324427,87
ETH,0x41684b361557e9282e0373ca51260d9331e518c9,6290,509.8479056244017,88
ETH,0x7cccf66db1a0d4069a52a0c26859edbc34177065,6207,67.06327617995153,89
ETH,0x5bf6941f029424674bb93a43b79fc46bf4a67c21,6008,2341.862471490053,90
ETH,0x3f23b4f1a35794306ba4f3176934012dc73312d1,5909,22.90693153174492,91
ETH,0xd152f549545093347a162dce210e7293f1452150,5876,1601.9174330924186,92
ETH,0xf2f5db1a4bfabf7ea729babc0d78e3ab429c0228,5700,27.68942593590083,93
ETH,0x2a9ea5e8cddf40730f4f4f839f673a51600c314e,5511,1808.1449661766876,94
ETH,0x013f5651c3a9700d59122504d1b1a76c47273a13,5438,0.6370458383568207,95
ETH,0x124d9bf2fecbc16b54ec4accdb14d44c2144f012,5432,1423.0098,96
ETH,0xcd401c10afa37d641d2f594852da94c700e4f2ce,5391,988.8760991423164,97
ETH,0xdef171fe48cf0115b1d80b88dc8eab59176fee57,5335,3442.727364839652,98
ETH,0x9ee944c13a7f4aa9d69237e9dfc01e58cff37cb5,5286,0.5117807254792798,99
ETH,0x103374fe49e856a1f9b899e7e6d4bafaf71626cc,5144,0.1366616794121689,100
BTCB,0x8894e0a0c962cb723c1976a4421c95949be2d4e3,621428,39162.98184166,1
BTCB,0xe2fc31f816a9b94326492132018c3aecc4a93ae1,547450,31458.73727995,2
BTCB,0x61eb789d75a95caa3ff50ed7e47b96c132fec082,121351,2805.0165901692335,3
BTCB,0x0639556f03714a74a5feeaf5736a4a64ff70d206,65795,6082.866876482343,4
BTCB,0x1231deb6f5749ef6ce6943a275a1d3e7486f4eae,63629,38.60572394847165,5
BTCB,0xd152f549545093347a162dce210e7293f1452150,61187,271.53082951088504,6
BTCB,0xb300000b72deaeb607a12d5f54773d1c19c7028d,57114,16.044286766219308,7
BTCB,0x62edaf2a56c9fb55be5f9b1399ac067f6a37013b,53596,56.09158312819013,8
BTCB,0x4982085c9e2f89f2ecb8131eca71afad896e89cb,47800,2093.8149191745943,9
BTCB,0x631fc1ea2270e98fbd9d92658ece0f5a269aa161,38867,17037.048511988392,10
BTCB,0xf45cd219aef8618a92baa7ad848364a158a24f33,37470,2323.85152303721,11
BTCB,0x247f51881d1e3ae0f759afb801413a6c948ef442,36121,91.26931797380122,12
BTCB,0xde70456a4d47f43b3166f2ab3b883e2ab7bed3fd,36030,13.490477129135247,13
BTCB,0xc590175e458b83680867afd273527ff58f74c02b,34690,338.6913621995376,14
BTCB,0x1111111254eeb25477b68fb85ed929f73a960582,31334,156.4009624839093,15
BTCB,0x25ab3efd52e6470681ce037cd546dc60726948d3,28310,527.713032,16
BTCB,0x52a258ed593c793251a89bfd36cae158ee9fc4f8,26835,60.14254589007865,17
BTCB,0x111111125421ca6dc452d289314280a0f8842a65,26340,144.67720508603648,18
BTCB,0xa40a3425405ff5da6c8c3bd3c44bd8222d104d1c,24944,1.4811529642,19
BTCB,0xb1256d6b31e4ae87da1d56e5890c66be7f1c038e,24228,6323.140411230001,20
BTCB,0x7561eee90e24f3b348e1087a005f78b4c8453524,23939,1524.6897389770818,21
BTCB,0x0d0707963952f2fba59dd06f2b425ace40b492fe,23751,7575.03813902,22
BTCB,0x6bbc40579ad1bbd243895ca0acb086bb6300d636,21823,176.12472572523626,23
BTCB,0x3f803ec2b816ea7f06ec76aa2b6f2532f9892d62,20048,48.07540780714747,24
BTCB,0x20bb82f2db6ff52b42c60ce79cde4c7094ce133f,19672,110.76694461,25
BTCB,0x110f8d66f84649f3cbb76778c53edab7f086f3e8,19561,0.0048470337786347,26
BTCB,0x28df0835942396b7a1b7ae1cd068728e6ddbbafd,19538,33.04908560582371,27
BTCB,0x46cf1cf8c69595804ba91dfdd8d6b960c9b0a7c4,18870,513.2437298624216,28
BTCB,0x879762fa0bea6e17384c3dcb385bf87d51292d9e,17615,0.049188937814685,29
BTCB,0xd6df839f06d9ae9e2d5eaaa81276566b5961faf8,17419,0.48093732813100004,30
BTCB,0x21298fffb0ccbd25e9f418caec7ecc2e8aeea099,14774,2.9548000000000004e-14,31
BTCB,0x49849b283348af4423d6750eff475a759a7338ec,14559,0.23150985206666502,32
BTCB,0x742a243112f51db454900f2f58692eae937977b3,14523,0.08133823658402149,33
BTCB,0x625b02b687ec38f3085af5b108dda410775fa76a,13958,962.6734754700001,34
BTCB,0x0d69079b60484ae97ea7deaad370b61f9da401f8,13755,2.99467001,35
BTCB,0xf5f938f36c5ef9bee8ef2dfb627ebe7ac3d4af17,13203,0.0523383157751879,36
BTCB,0x5313d889e8ed53e0e734361b0f0aa737dd4df650,12254,0.0713541421511297,37
BTCB,0x5afe0cfe5034ee1379d46acdab55f9d26f8d8425,12136,1.90698187652e-05,38
BTCB,0x0000000000000000000000000000000000001004,11783,3991.8836938000004,39
BTCB,0xa7ca2c8673bcfa5a26d8ceec2887f2cc2b0db22a,11268,85.36437128319628,40
BTCB,0xecc3657b8dbacd5afff96d07eeac3d2208b71813,11166,2.5626189e-11,41
BTCB,0xefdca55e4bce6c1d535cb2d0687b5567eef2ae83,10147,1019.42086764,42
BTCB,0xa403d15bc039c7db1a87c636958bcd4a0052bc0f,10001,0.00011,43
BTCB,0xc1da33e8d60daf4f93a52357a57a076f44c45759,9248,26.77174057,44
BTCB,0x41772edd47d9ddf9ef848cdb34fe76143908c7ad,9071,6040.393786373114,45
BTCB,0x61e3fca605e2f0e29d5a176e1c9868d4f0ee817f,8816,0.1361231206151671,46
BTCB,0xbf957e1c121fa769580d29bf320ee8bff138ad12,8784,830.8060530399999,47
BTCB,0x21d45650db732ce5df77685d6021d7d5d1da807f,7842,2706.62399458,48
BTCB,0xb8875e207ee8096a929d543c9981c9586992eacb,7820,80.36933637109985,49
BTCB,0x2b3bf74b29f59fb8dda41cf3d6a8da28cf8e7921,7755,104.16132066822144,50
BTCB,0xa88f86e5685fca7c5d6de0e4d944875b007137b5,7755,246.60744678657636,51
BTCB,0xa8d24c48b282dd86df8d25cca97c0cb3920ba3be,7596,0.0129012833284535,52
BTCB,0xa67161238823209801d8629d64d293204c042cbd,7520,0.0034793837350973003,53
BTCB,0x369482c78bad380a036cab827fe677c1903d1523,7496,75.61679822863701,54
BTCB,0xf6d4e5a7c5215f91f59a95065190cca24bf64554,7293,317.26567942,55
BTCB,0x19e38067cfabac589d2852d07d41bf9ee05ac688,7200,33.6549940688,56
BTCB,0x59de3b49314bf5067719364a2cb43e8525ab93fa,6938,34.83151494058842,57
BTCB,0xe01a40a0894970fc4c2b06f36f5eb94e73ea502d,6484,33.12376183669429,58
BTCB,0x1541cb2f04b07c290555d9b12ea9daab92c66313,5838,2047.3832886046844,59
BTCB,0x1111111254fb6c44bac0bed2854e76f90643097d,5817,777.9353936137237,60
BTCB,0xd242d74d2d48411b6c635eca6b3294532f231bba,5719,0.0984118378192322,61
BTCB,0x53f78a071d04224b8e254e243fffc6d9f2f3fa23,5535,99.35359029329922,62
BTCB,0xd171b26e4484402de70e3ea256be5a2630d7e88d,5485,253.22193116212355,63
BTCB,0x477b8d5ef7c2c42db84deb555419cd817c336b6f,5416,231.5892082,64
BTCB,0x89b8aa89fdd0507a99d334cbe3c808fafc7d850e,5331,33.4576763079943,65
BTCB,0xd38cf87f114f2a0582c329fb9df4f7044ce71330,5277,141.9179699836855,66
BTCB,0x197f34ab62a48fb5a86e7055e77790efd4f8d7b8,5232,0.0018932508372516,67
BTCB,0x259e05952e493ae833958a8ffdad9bacd3b823c7,5230,0.028666879860218597,68
BTCB,0x3f3d9e0803b19dd9002c8184ae3c1c9d09720682,5169,12.560217260761101,69
BTCB,0x5f3998c7125a7f19e366f7d2e6f270d06ed183ad,5095,8.787713713113762,70
BTCB,0xf1322d38576f50904f4d66b17b2542a7352a2244,5072,1.131942439856917,71
BTCB,0x4dae2f939acf50408e13d58534ff8c2776d45265,4955,12.246131159341921,72
BTCB,0x216944baf1182e49252223e78b783fe7d5a02223,4935,12.43516411126739,73
BTCB,0x8b2f57d12ae055f26fb643f9c4f64fffe9f4c6a1,4931,305.8250084406452,74
BTCB,0x5b279f8b9cd77b21eac2eb4f2d9faf8cae9a21db,4887,0.2081529296116433,75
BTCB,0x00000000000007736e2f9aa5630b8c812e1f3fc9,4752,1.658585984631622,76
BTCB,0x209318a6dd2ebae4dc75be0ffc457fe074937cd1,4642,0.016407194278194,77
BTCB,0x27d9f20645a2e7bcd1b27e372770e3b56fc918fe,4574,0.05130148070706269,78
BTCB,0x9c8ab0fe0fa936d87b72cb244ca3b779699fb288,4348,0.1686017602234934,79
BTCB,0xc7e9d76ba11099af3f330ff829c5f442d571e057,4224,118.3199849383297,80
BTCB,0x106dd307f2d75944637e7388dff9f67bd8518c5c,3998,0.202,81
BTCB,0x5994c2b36b25fadc503229e707b89cbedeba367d,3991,0.0061899401916451,82
BTCB,0xf2626ae766a3bdbc4b077aa54c15a15768dc3829,3944,44.033879082999995,83
BTCB,0xc77b1326cc6419cd411bc242cc2b2e9d368fc12a,3859,0.0326490206273213,84
BTCB,0x813c0decbb1097fff46d0ed6a39fb5f6a83043f4,3677,35.770727833598876,85
BTCB,0xa0fca8fa8e9c6aa77305f94be0e03908d0a42900,3656,85.56666609909061,86
BTCB,0xc7029e939075f48fa2d5953381660c7d01570171,3518,303.17604096,87
BTCB,0xa987f0b7098585c735cd943ee07544a84e923d1d,3469,171.58909410015215,88
BTCB,0x28b45001db087afcbec20f5dd6c041cf46b40ac3,3451,5.858741855217183,89
BTCB,0x3fe8c97cf068249795cf225eb5598d2c4adac39d,3430,0.006957958551399601,90
BTCB,0x238a358808379702088667322f80ac48bad5e6c4,3277,3.5571358799509594,91
BTCB,0x1e1afe9d9c5f290d8f6996ddb190bd111908a43d,3245,39.57161533261925,92
BTCB,0xfd83d084777143b726dd32d9424c789ad7df1632,3225,8.99011507782224,93
BTCB,0x3b6a08b8c7af9bbd98083d225be3f91e0ba149f2,3224,0.011441788861672453,94
BTCB,0x0ad459e2184ec0d781785d5a22c7aec590d06f0b,3206,85.71069413000001,95
BTCB,0x7cccf66db1a0d4069a52a0c26859edbc34177065,3184,3.49801560405831,96
BTCB,0xddc91e784327a8dca3b79a59c6d817f7f7ae6e17,3137,0.01841383,97
BTCB,0xf9a416fdead4a9b7c32eb9d452f8e3428651cf99,3136,101.12617399,98
BTCB,0xfc75f4e78bf71ed5066db9ca771d4ccb7c1264e0,2907,55.95107621138947,99
BTCB,0x7f5c653caf2620a4360419e78861a79799e670d4,2892,0.0080902049348272,100
