month,funder_rank,funded_by_id,funded_by_address,newly_funded_addresses,raw_funded_volume,funded_volume
2025-03-01,1,-191007409,3aedc1e7b792bbf6aae74bfb86661f2ae132bf4d,2,2099999997,2099.9999970000000000
2025-04-01,1,-191007409,3aedc1e7b792bbf6aae74bfb86661f2ae132bf4d,3,2861499997,2861.4999970000000000
2025-05-01,1,-341546943,f4454accdecec61714ca89352e1fba5f9a55fde4,1,9377329099,9377.3290990000000000
2025-06-01,1,-396794989,853c98dafae37e69197febc121fdcb90fefa3075,1,999999999,999.9999990000000000
2025-06-01,2,-370818237,986d35f14a58d4a23787c7c1f17ebd4c398f0f75,1,75744204,75.7442040000000000
2025-07-01,1,-443394013,ec0069fa5429130c8f2a21d34935ddbfda963f4b,3,5803253318,5803.2533180000000000
2025-07-01,2,-406816948,84693455fa234ffbc1c26e13d14acd957bab64a3,1,21999999999,21999.999999000000
2025-07-01,3,-411865534,7555441c21b3db8fdbc892992854af40ef70b8a3,1,2192445444,2192.4454440000000000
2025-07-01,4,-360541869,350fdf7790c2b509ed315bae0a96e73e22b7897d,1,1145729492,1145.7294920000000000
2025-08-01,1,-191007409,3aedc1e7b792bbf6aae74bfb86661f2ae132bf4d,4,68799999996,68799.999996000000
2025-08-01,2,-477721196,684193cff352103eac0bf289958cb02933d57316,2,86010194249,86010.194249000000
2025-08-01,3,-434838559,015d1f60e43969c3ca5d6d3c55ee450a7bd81233,2,997999998,997.9999980000000000
2025-08-01,4,748475041,dac49412c45cbc8876553ba5745d4605f63660c3,1,210163113313,210163.113313000000
2025-08-01,5,-466095329,8a61877a987a78d60f884fef90feb9d5da444444,1,175926729064,175926.729064000000
2025-08-01,6,-492854606,7a895c706fe68b6fb2546a05ff1d823a97af26df,1,123639609565,123639.609565000000
2025-08-01,7,25825323,b627d04196cfbe1964f974fff5f40362946d4c22,1,5394066977,5394.0669770000000000
2025-08-01,8,-504932037,7e937c8b69d4e1de7a2adae84baae1e7d98d5ccd,1,3321047847,3321.0478470000000000
2025-08-01,9,-494434330,b9d782f2598b1b7cb9081f0ec11923dd8a2599f2,1,1999999999,1999.9999990000000000
2025-08-01,10,-465550849,e68d0108964df963a2ea0bcc482c4c18fcb1eb57,1,727794523,727.7945230000000000
2025-08-01,11,-507655701,20f4499e537ca83bffefc3b10000a7fa7b6ec380,1,499999999,499.9999990000000000
2025-08-01,12,-461795180,d73ae45b77fe693e06067a0df9a6042e6b095385,1,149999999,149.9999990000000000
2025-08-01,13,-308493958,f5a875be39fb47d00f928b95da7e5ba92cf2261c,1,80999999,80.9999990000000000
2025-09-01,1,-217293592,8f89f699e590bf9f736e35ab753fb58ec91c5aec,1,36750000000,36750.000000000000
2025-09-01,2,-560191868,bd3f8f0033e958f89a24cf6a7e9aa2fa55ad8b27,1,9499999999,9499.9999990000000000
2025-09-01,3,-576653308,e952f76d50857e5a83cc883d436bdf10b300b9eb,1,4999999999,4999.9999990000000000
2025-09-01,4,-518987540,9a92b0f8b931e3441047c2ffcd1873d1da5280b7,1,1999999999,1999.9999990000000000
2025-09-01,5,-534723315,20120ded20a6771459c49b377fc3520427e4cc06,1,1200000000,1200.0000000000000000
2025-09-01,6,-516006981,6b024916845213db061b89de1bdb3bc7092581ba,1,999999999,999.9999990000000000
2025-09-01,7,-512639800,3464c26fddc8d37ea8e898c30696b40b7101750b,1,600004015,600.0040150000000000
2025-09-01,8,-462072513,21696166445637273aa3b2da725e86deae621768,1,139999999,139.9999990000000000
2025-09-01,9,-407343876,e0aab3bfaf839a8174de203c0ede2d105780f7ee,1,99999999,99.9999990000000000
2025-10-01,1,-611438393,b7fbbc3b23d43a4c6ebc8c819cc31f0cab9f57c2,1,192035033425,192035.033425000000
2025-10-01,2,-388062163,59ba71e4e227336a889f1ce837bc90d34ca6c427,1,135871368757,135871.368757000000
2025-10-01,3,-266770021,e1f9a2c613088fd5ece98127b506efd6a163ade9,1,100099999999,100099.999999000000
2025-10-01,4,891775136,63164a860ad790ebbc5c60b2ed0381ca6f72feff,1,99999999999,99999.999999000000
2025-10-01,5,-600037215,8e6fe2bfc767be2f9d8bb62d41e0dd8eff600439,1,15899999999,15899.999999000000
2025-10-01,6,-609156747,e5ef74165fab7470cb0a93a7851de5ffb0058183,1,14999999999,14999.999999000000
2025-10-01,7,-590098164,109a4104331f057d7b2c42b8fb8b308c062da090,1,3000308891,3000.3088910000000000
2025-10-01,8,-595491679,0cd45dc8b4414aff3d20cc64a459e4edb3537577,1,2999999999,2999.9999990000000000
2025-10-01,9,1844175763,f9dba541f43afd4c181a535baf3699d7de4d0b9e,1,1644384532,1644.3845320000000000
2025-10-01,10,-594857315,0cf67a648f170a0c1ac5169bc509ea08e3661c4e,1,999999999,999.9999990000000000
2025-10-01,11,-592858162,a2e91a57a9a216d76f8232b421fc5f7a2842663a,1,844999999,844.9999990000000000
2025-10-01,12,-612267079,8ffe6ce1a13b4862872fb0b7c7863310f3796a81,1,626249725,626.2497250000000000
2025-10-01,13,-626644671,0b1108cf78cd6152871f4298ffe6a0e23708843f,1,499999999,499.9999990000000000
2025-10-01,14,-407343876,e0aab3bfaf839a8174de203c0ede2d105780f7ee,1,99999999,99.9999990000000000
2025-10-01,15,-407379345,2b5124ad245e694d58e7fba3ccf86dc6b871c803,1,29999999,29.9999990000000000
2025-11-01,1,-619541601,0bf0262fa2f06fe42e9d9e2d5fb01dd9edf31289,2,29800000000,29800.000000000000
2025-11-01,2,-664292815,55980e39cdfe4dcd145e3dfbff7fdd041f39e668,1,68432999999,68432.999999000000
2025-11-01,3,-177752725,7adedaee6e7bcb60e45e44631240c6e76bfaa0c7,1,54999999999,54999.999999000000
2025-11-01,4,-676004312,33c1334054f48c36e1d99f8c260f08b7676e2b79,1,24999999999,24999.999999000000
2025-11-01,5,1263670022,e974e991668cdeaf98e03a2154363a8f20494909,1,20624583375,20624.583375000000
2025-11-01,6,-657488995,9b5b4e3a17b7afcc57fa609c61034e5bd8c5dde8,1,10103785779,10103.785779000000
2025-11-01,7,-636855314,b8c4bf68b7ddd3d899ad1f836866df8a3ea2b785,1,10001873972,10001.8739720000000000
2025-11-01,8,-555678550,5ed9031b56929f893ade4305a078d0cea9186512,1,9999999999,9999.9999990000000000
2025-11-01,9,-658062442,94f4220db10b5240bba27d15b369b7d3f6966e70,1,7199999999,7199.9999990000000000
2025-11-01,10,-534723315,20120ded20a6771459c49b377fc3520427e4cc06,1,1500000000,1500.0000000000000000
2025-11-01,11,-655991856,5435660f30bac5a827bfab544f3a7428fde1e7e2,1,100243744,100.2437440000000000
2025-11-01,12,1981235532,279039ed6d7df152df3aa231d3a95a5a441b9046,1,99999997,99.9999970000000000
2025-12-01,1,-619541601,0bf0262fa2f06fe42e9d9e2d5fb01dd9edf31289,2,33978674999,33978.674999000000
2025-12-01,2,-678925269,47f6d86cf2dd782603cb533fc1e5480da587da43,2,42616127,42.6161270000000000
2025-12-01,3,-570838749,49c1acd36bb968a1685b29847512a43850929de7,1,36015491121462,36015491.121462000000
2025-12-01,4,-745366284,794a91141872df6d84c87645b0828ab49b4a94f0,1,51999999999,51999.999999000000
2025-12-01,5,-532918659,0bc1aa3a43d24367f7cace7c382f65caaf4932f7,1,18226999999,18226.999999000000
2025-12-01,6,-715731945,267f0b271173f6049e8bbd85af18c07c9258aa9a,1,4999999999,4999.9999990000000000
2025-12-01,7,-712473134,689215df90f737baaf49a803fc4693ebdc02cdf4,1,4999999998,4999.9999980000000000
2025-12-01,8,-714575572,af3517e0576299d246ca04a20f93ef5cf8fd9b56,1,1370598045,1370.5980450000000000
2025-12-01,9,-740017546,5008f5f464f7cad611aa7b3f5d30a15c9eaac1db,1,226213358,226.2133580000000000
2025-12-01,10,687689074,d0793c144c7e09c3d7e0da7a8384c31d0577f838,1,100388698,100.3886980000000000
2025-12-01,11,-502005863,eaf214fc520f1df543a44d3ada4f7d093341047a,1,99498818,99.4988180000000000
2026-01-01,1,50553764,765ad3ff78415831d9c69dee1cd5d56d09736adc,1,26752241304,26752.241304000000
2026-01-01,2,1413949316,222373773a828325de9c7f853a37ecfeb3d66870,1,3846142864,3846.1428640000000000
2026-01-01,3,-670679145,01827b1d9d7a511a748be19dd41760f6919d26be,1,99999999,99.9999990000000000
2026-01-01,4,-407379345,2b5124ad245e694d58e7fba3ccf86dc6b871c803,1,24999999,24.9999990000000000
2026-01-01,5,-414714918,755f2f884d808b225d8280287b07f935f3a2089b,1,9629999,9.6299990000000000
2026-02-01,1,-483865208,23c35897ba967a52cbaa5f15d6c35449427bd65f,1,14999999999,14999.999999000000
2026-02-01,2,-851952872,caed12526420816692a80e0e0c9bdb44501937ea,1,112492891,112.4928910000000000
2026-02-01,3,-583340874,d28c520021fd9152c8d2831616373bc313d6bcde,1,29739998,29.7399980000000000
2026-02-01,4,-906596756,027e74ce5a2c5b6a30f9a54ff75285166e82e768,1,9214999,9.2149990000000000
2026-02-01,5,-254906431,c92e0105c67ca2d30377639c672fac58bab8c3fc,1,8432094,8.4320940000000000
2026-02-01,6,-908907637,cab3568b531fbbaf67adec19e598de1b6dab5d34,1,5449998,5.4499980000000000
2026-02-01,7,-908707855,ce872b86a82138080306c5b572a7cc84b3cb06c6,1,3842999,3.8429990000000000
2026-02-01,8,-898341254,b54d5679ec3452027150afd84d178171b54f937c,1,2513998,2.5139980000000000
2026-02-01,9,-904773783,0155031e7c58259b5ed0a710b3f8813b723768c1,1,2300498,2.3004980000000000
2026-02-01,10,-906495428,b31170d148918341640b33e1dc9a1daad3e99048,1,1544806,1.5448060000000000
2026-03-01,1,789366453,4f4b2448ef2b147fb35d83d0619021c5e399313b,1,65896285839,65896.285839000000
2026-03-01,2,-961254931,5e666f36ac0c4fc0e28e9696db1ab166a62267f1,1,7999999998,7999.9999980000000000
2026-03-01,3,-988541424,1a691e6a556902671c255cc35fd8d0c45895dc1e,1,2499999999,2499.9999990000000000
2026-03-01,4,-7327035,e49153ab19f9d37d4a6a24e23f7c51f7e3d011d0,1,2160700642,2160.7006420000000000
2026-03-01,5,-639338122,5726af7de22ca500311e2ccbef2f22f3082fd4e7,1,695999998,695.9999980000000000
2026-03-01,6,-247370118,b5aa1535bb01f34d93f8992f534394d28a5c7c47,1,499999998,499.9999980000000000
2026-03-01,7,-976227828,70508ddb0f1f9cfe84227154b692838066af7eae,1,180019268,180.0192680000000000
2026-03-01,8,-396714297,5c0c17cc6db24f42c5d589365eaef6ebd6af6528,1,99999999,99.9999990000000000
2026-03-01,9,-988323253,a0a1e4157deb255a515bd0702a56b5abaee6743f,1,3999999,3.9999990000000000
2026-03-01,10,-935627075,a9959a15ef53099eef33e4a5c01e2c3441860962,1,1000000,1.00000000000000000000
2026-03-01,11,-939454618,ffa15d8548204f852d9d6e87e3c32c9d5f2150b9,1,999997,0.99999700000000000000
2026-03-01,12,-943376182,8111ef40e02e247193ac8b2a8701efd61d3218b2,1,499998,0.49999800000000000000
2026-04-01,1,-1015090726,4cab9782195d62b04eea89ae128f3e523b6aeac0,1,13813809227,13813.809227000000
2026-04-01,2,-128285416,dd26d9060f035efd1c609e4f76dc624d6ba289b2,1,10000000000,10000.0000000000000000
2026-04-01,3,-905589979,93312156be58143ef52adef04105686ec2b63f24,1,751000001,751.0000010000000000
2026-04-01,4,-476980586,cc97f0d7bfef07a202a7597c147ee6e41bd06bb0,1,269999999,269.9999990000000000
2026-04-01,5,1956493568,91d92d6948761928f12506fba7b453db0ebba50c,1,104251928,104.2519280000000000
2026-04-01,6,1622544101,dead1f5af792afc125812e875a891b038f888258,1,99999998,99.9999980000000000
2026-04-01,7,-482377504,5fb8896e107c7d142118879d5ce4bd6bad5f44fe,1,0,0E-24
2026-04-01,8,-624328690,98dd042163fd95143ed12527a7763a899b6d8f17,1,0,0E-24
2026-05-01,1,-1126334780,6a6cdaa570c76337dd07d5fcf688f3782a71d7ce,3,119999999997,119999.999997000000
2026-05-01,2,-1074937319,0908fdf076d3aefcfb4b1133a8e7ccebdeee85fc,2,168793919,168.7939190000000000
2026-05-01,3,-1077264397,edd401ac7c605f89a59f27cb2ce533284a428eee,2,146145838,146.1458380000000000
2026-05-01,4,-748679460,95f3dd3e32473e68e118b3917754dd112070c668,1,14345843735,14345.843735000000
2026-05-01,5,1471911509,eaccea562df628660cedd0209ea829ab510c91f7,1,8014549689,8014.5496890000000000
2026-05-01,6,-726051181,8e48fe96fab03e8f9e532b79b47df2f4b0733a13,1,4999999999,4999.9999990000000000
2026-05-01,7,-1092769019,cd44bdee32815bbb737a8d2db4b9c388debc54f9,1,1241060388,1241.0603880000000000
2026-05-01,8,2015559807,a2279e085c9709ad433edf8e8c5fa69e4b8f4f2d,1,963307149,963.3071490000000000
2026-05-01,9,-1087480941,85dda87429d8e42c7d39d1c97998ba1a3c657eb5,1,99999998,99.9999980000000000
2026-06-01,1,-343602908,f28c00584140c2f795f74002432f2f238cb5ee55,1,2899999998,2899.9999980000000000
2026-06-01,2,-1187030237,bb7d41c8319f6fef0e09d8a0b040108b5ffef5c4,1,499999998,499.9999980000000000
2026-06-01,3,1369790558,eed9da5e328f91947326f70e11365e9b3a85115f,1,106932463,106.9324630000000000
2026-06-01,4,-1074937319,0908fdf076d3aefcfb4b1133a8e7ccebdeee85fc,1,94581789,94.5817890000000000
